timestamp;iface_name;bytes_out/s;bytes_in/s;bytes_total/s;bytes_in;bytes_out;packets_out/s;packets_in/s;packets_total/s;packets_in;packets_out;errors_out/s;errors_in/s;errors_in;errors_out\n
1553295090;s1-eth1;0.00;0.00;0.00;0;0;0.00;0.00;0.00;0;0;0.00;0.00;0;0
1553295090;s1-eth2;0.00;0.00;0.00;0;0;0.00;0.00;0.00;0;0;0.00;0.00;0;0
1553295090;lo;0.00;0.00;0.00;0;0;0.00;0.00;0.00;0;0;0.00;0.00;0;0
1553295090;s1-eth3;0.00;0.00;0.00;0;0;0.00;0.00;0.00;0;0;0.00;0.00;0;0
1553295090;total;0.00;0.00;0.00;0;0;0.00;0.00;0.00;0;0;0.00;0.00;0;0
1553295091;s1-eth1;176.00;176.00;352.00;176;176;2.00;2.00;4.00;2;2;0.00;0.00;0;0
1553295091;s1-eth2;176.00;176.00;352.00;176;176;2.00;2.00;4.00;2;2;0.00;0.00;0;0
1553295091;lo;646.00;646.00;1292.00;646;646;9.00;9.00;18.00;9;9;0.00;0.00;0;0
1553295091;s1-eth3;176.00;176.00;352.00;176;176;2.00;2.00;4.00;2;2;0.00;0.00;0;0
1553295091;total;1174.00;1174.00;2348.00;1174;1174;15.00;15.00;30.00;15;15;0.00;0.00;0;0
1553295092;s1-eth1;1702.00;250.00;1952.00;250;1702;14.00;3.00;17.00;3;14;0.00;0.00;0;0
1553295092;s1-eth2;1006.00;250.00;1256.00;250;1006;9.00;3.00;12.00;3;9;0.00;0.00;0;0
1553295092;lo;4726.00;4726.00;9452.00;4726;4726;49.00;49.00;98.00;49;49;0.00;0.00;0;0
1553295092;s1-eth3;500.00;250.00;750.00;250;500;6.00;3.00;9.00;3;6;0.00;0.00;0;0
1553295092;total;7934.00;5476.00;13410.00;5476;7934;78.00;58.00;136.00;58;78;0.00;0.00;0;0
1553295093;s1-eth1;494.00;0.00;494.00;0;494;3.00;0.00;3.00;0;3;0.00;0.00;0;0
1553295093;s1-eth2;1030.00;0.00;1030.00;0;1030;6.00;0.00;6.00;0;6;0.00;0.00;0;0
1553295093;lo;341.00;341.00;682.00;341;341;4.00;4.00;8.00;4;4;0.00;0.00;0;0
1553295093;s1-eth3;1333.00;0.00;1333.00;0;1333;8.00;0.00;8.00;0;8;0.00;0.00;0;0
1553295093;total;3198.00;341.00;3539.00;341;3198;21.00;4.00;25.00;4;21;0.00;0.00;0;0
1553295094;s1-eth1;201.00;0.00;201.00;0;201;1.00;0.00;1.00;0;1;0.00;0.00;0;0
1553295094;s1-eth2;201.00;0.00;201.00;0;201;1.00;0.00;1.00;0;1;0.00;0.00;0;0
1553295094;lo;277.00;277.00;554.00;277;277;3.00;3.00;6.00;3;3;0.00;0.00;0;0
1553295094;s1-eth3;404.00;0.00;404.00;0;404;2.00;0.00;2.00;0;2;0.00;0.00;0;0
1553295094;total;1083.00;277.00;1360.00;277;1083;7.00;3.00;10.00;3;7;0.00;0.00;0;0
1553295095;s1-eth1;203.00;0.00;203.00;0;203;1.00;0.00;1.00;0;1;0.00;0.00;0;0
1553295095;s1-eth2;203.00;0.00;203.00;0;203;1.00;0.00;1.00;0;1;0.00;0.00;0;0
1553295095;lo;628.00;628.00;1256.00;628;628;8.00;8.00;16.00;8;8;0.00;0.00;0;0
1553295095;s1-eth3;0.00;0.00;0.00;0;0;0.00;0.00;0.00;0;0;0.00;0.00;0;0
1553295095;total;1034.00;628.00;1662.00;628;1034;10.00;8.00;18.00;8;10;0.00;0.00;0;0
1553295097;s1-eth1;859.00;546.00;1405.00;546;859;10.00;7.00;17.00;7;10;0.00;0.00;0;0
1553295097;s1-eth2;859.00;546.00;1405.00;546;859;10.00;7.00;17.00;7;10;0.00;0.00;0;0
1553295097;lo;4330.00;4330.00;8660.00;4330;4330;36.00;36.00;72.00;36;36;0.00;0.00;0;0
1553295097;s1-eth3;1062.00;476.00;1538.00;476;1062;11.00;6.00;17.00;6;11;0.00;0.00;0;0
1553295097;total;7110.00;5898.00;13008.00;5898;7110;67.00;56.00;123.00;56;67;0.00;0.00;0;0
1553295098;s1-eth1;274.00;0.00;274.00;0;274;3.00;0.00;3.00;0;3;0.00;0.00;0;0
1553295098;s1-eth2;274.00;0.00;274.00;0;274;3.00;0.00;3.00;0;3;0.00;0.00;0;0
1553295098;lo;308.00;308.00;616.00;308;308;3.00;3.00;6.00;3;3;0.00;0.00;0;0
1553295098;s1-eth3;274.00;70.00;344.00;70;274;3.00;1.00;4.00;1;3;0.00;0.00;0;0
1553295098;total;1130.00;378.00;1508.00;378;1130;12.00;4.00;16.00;4;12;0.00;0.00;0;0
1553295099;s1-eth1;258.00;74.00;332.00;74;258;3.00;1.00;4.00;1;3;0.00;0.00;0;0
1553295099;s1-eth2;204.00;0.00;204.00;0;204;2.00;0.00;2.00;0;2;0.00;0.00;0;0
1553295099;lo;264.00;264.00;528.00;264;264;3.00;3.00;6.00;3;3;0.00;0.00;0;0
1553295099;s1-eth3;278.00;54.00;332.00;54;278;3.00;1.00;4.00;1;3;0.00;0.00;0;0
1553295099;total;1004.00;392.00;1396.00;392;1004;11.00;5.00;16.00;5;11;0.00;0.00;0;0
1553295100;s1-eth1;4705161.00;3201263872.00;3205968896.00;3201263750;4705161;71288.00;72903.00;144191.00;72903;71288;0.00;0.00;0;0
1553295100;s1-eth2;203.00;0.00;203.00;0;203;1.00;0.00;1.00;0;1;0.00;0.00;0;0
1553295100;lo;0.00;0.00;0.00;0;0;0.00;0.00;0.00;0;0;0.00;0.00;0;0
1553295100;s1-eth3;3201329920.00;4705090.00;3206034944.00;4705090;3201329794;72905.00;71289.00;144194.00;71289;72905;0.00;0.00;0;0
1553295100;total;3206035200.00;3205968896.00;6412003840.00;3205968840;3206035158;144194.00;144192.00;288386.00;144192;144194;0.00;0.00;0;0
1553295101;s1-eth1;1723134.00;3841406464.00;3843129600.00;3841406570;1723134;26107.00;70397.00;96504.00;70397;26107;0.00;0.00;0;0
1553295101;s1-eth2;204.00;0.00;204.00;0;204;2.00;0.00;2.00;0;2;0.00;0.00;0;0
1553295101;lo;0.00;0.00;0.00;0;0;0.00;0.00;0.00;0;0;0.00;0.00;0;0
1553295101;s1-eth3;3841340928.00;1722798.00;3843063808.00;1722798;3841340933;70398.00;26103.00;96501.00;26103;70398;0.00;0.00;0;0
1553295101;total;3843064320.00;3843129344.00;7686193664.00;3843129368;3843064271;96507.00;96500.00;193007.00;96500;96507;0.00;0.00;0;0
1553295102;s1-eth1;1531440.00;3981536000.00;3983067648.00;3981536080;1531440;23204.00;71932.00;95136.00;71932;23204;0.00;0.00;0;0
1553295102;s1-eth2;84.00;84.00;168.00;84;84;2.00;2.00;4.00;2;2;0.00;0.00;0;0
1553295102;lo;348.00;348.00;696.00;348;348;5.00;5.00;10.00;5;5;0.00;0.00;0;0
1553295102;s1-eth3;3982097152.00;1531506.00;3983628544.00;1531506;3982097106;71941.00;23205.00;95146.00;23205;71941;0.00;0.00;0;0
1553295102;total;3983629056.00;3983067904.00;7966696960.00;3983068018;3983628978;95152.00;95144.00;190296.00;95144;95152;0.00;0.00;0;0
1553295103;s1-eth1;1579578.00;4059963904.00;4061543424.00;4059963840;1579578;23933.00;73352.00;97285.00;73352;23933;0.00;0.00;0;0
1553295103;s1-eth2;0.00;0.00;0.00;0;0;0.00;0.00;0.00;0;0;0.00;0.00;0;0
1553295103;lo;0.00;0.00;0.00;0;0;0.00;0.00;0.00;0;0;0.00;0.00;0;0
1553295103;s1-eth3;4059402752.00;1579578.00;4060982272.00;1579578;4059402814;73343.00;23933.00;97276.00;23933;73343;0.00;0.00;0;0
1553295103;total;4060982272.00;4061543424.00;8122525696.00;4061543418;4060982392;97276.00;97285.00;194561.00;97285;97276;0.00;0.00;0;0
1553295104;s1-eth1;3741556.00;4448266752.00;4452008448.00;4448266904;3741556;56686.00;89244.00;145930.00;89244;56686;0.00;0.00;0;0
1553295104;s1-eth2;0.00;0.00;0.00;0;0;0.00;0.00;0.00;0;0;0.00;0.00;0;0
1553295104;lo;0.00;0.00;0.00;0;0;0.00;0.00;0.00;0;0;0.00;0.00;0;0
1553295104;s1-eth3;4448266752.00;3741486.00;4452008448.00;3741486;4448266904;89244.00;56685.00;145929.00;56685;89244;0.00;0.00;0;0
1553295104;total;4452008448.00;4452008448.00;8904016896.00;4452008390;4452008460;145930.00;145929.00;291859.00;145929;145930;0.00;0.00;0;0
1553295105;s1-eth1;1827804.00;1632585344.00;1634413184.00;1632585354;1827804;27694.00;34721.00;62415.00;34721;27694;0.00;0.00;0;0
1553295105;s1-eth2;70.00;0.00;70.00;0;70;1.00;0.00;1.00;0;1;0.00;0.00;0;0
1553295105;lo;88.00;88.00;176.00;88;88;1.00;1.00;2.00;1;1;0.00;0.00;0;0
1553295105;s1-eth3;1632585344.00;1827738.00;1634413056.00;1827738;1632585354;34721.00;27693.00;62414.00;27693;34721;0.00;0.00;0;0
1553295105;total;1634413312.00;1634413184.00;3268826624.00;1634413180;1634413316;62417.00;62415.00;124832.00;62415;62417;0.00;0.00;0;0
1553295106;s1-eth1;70.00;70.00;140.00;70;70;1.00;1.00;2.00;1;1;0.00;0.00;0;0
1553295106;s1-eth2;70.00;70.00;140.00;70;70;1.00;1.00;2.00;1;1;0.00;0.00;0;0
1553295106;lo;668.00;668.00;1336.00;668;668;7.00;7.00;14.00;7;7;0.00;0.00;0;0
1553295106;s1-eth3;210.00;0.00;210.00;0;210;3.00;0.00;3.00;0;3;0.00;0.00;0;0
1553295106;total;1018.00;808.00;1826.00;808;1018;12.00;9.00;21.00;9;12;0.00;0.00;0;0
1553295107;lo;1146.00;1146.00;2292.00;1146;1146;14.00;14.00;28.00;14;14;0.00;0.00;0;0
1553295107;total;18446744073709551616.00;18446744073709551616.00;18446744073709551616.00;18446744052529418529;18446744052529407855;18446744073708910592.00;18446744073708910592.00;18446744073708269568.00;18446744073708910127;18446744073708910045;0.00;0.00;0;0
1553295108;lo;341.00;341.00;682.00;341;341;4.00;4.00;8.00;4;4;0.00;0.00;0;0
1553295108;total;341.00;341.00;682.00;341;341;4.00;4.00;8.00;4;4;0.00;0.00;0;0
1553295109;lo;537.00;537.00;1074.00;537;537;7.00;7.00;14.00;7;7;0.00;0.00;0;0
1553295109;total;537.00;537.00;1074.00;537;537;7.00;7.00;14.00;7;7;0.00;0.00;0;0
1553295110;lo;836.00;836.00;1672.00;836;836;10.00;10.00;20.00;10;10;0.00;0.00;0;0
1553295110;total;836.00;836.00;1672.00;836;836;10.00;10.00;20.00;10;10;0.00;0.00;0;0
1553295111;lo;566.00;566.00;1132.00;566;566;5.00;5.00;10.00;5;5;0.00;0.00;0;0
1553295111;total;566.00;566.00;1132.00;566;566;5.00;5.00;10.00;5;5;0.00;0.00;0;0
1553295112;lo;0.00;0.00;0.00;0;0;0.00;0.00;0.00;0;0;0.00;0.00;0;0
1553295112;total;0.00;0.00;0.00;0;0;0.00;0.00;0.00;0;0;0.00;0.00;0;0
1553295113;lo;0.00;0.00;0.00;0;0;0.00;0.00;0.00;0;0;0.00;0.00;0;0
1553295113;total;0.00;0.00;0.00;0;0;0.00;0.00;0.00;0;0;0.00;0.00;0;0
1553295114;lo;264.00;264.00;528.00;264;264;3.00;3.00;6.00;3;3;0.00;0.00;0;0
1553295114;total;264.00;264.00;528.00;264;264;3.00;3.00;6.00;3;3;0.00;0.00;0;0
1553295115;lo;0.00;0.00;0.00;0;0;0.00;0.00;0.00;0;0;0.00;0.00;0;0
1553295115;total;0.00;0.00;0.00;0;0;0.00;0.00;0.00;0;0;0.00;0.00;0;0
1553295116;lo;0.00;0.00;0.00;0;0;0.00;0.00;0.00;0;0;0.00;0.00;0;0
1553295116;total;0.00;0.00;0.00;0;0;0.00;0.00;0.00;0;0;0.00;0.00;0;0
1553295117;lo;176.00;176.00;352.00;176;176;2.00;2.00;4.00;2;2;0.00;0.00;0;0
1553295117;total;176.00;176.00;352.00;176;176;2.00;2.00;4.00;2;2;0.00;0.00;0;0
1553295118;lo;0.00;0.00;0.00;0;0;0.00;0.00;0.00;0;0;0.00;0.00;0;0
1553295118;total;0.00;0.00;0.00;0;0;0.00;0.00;0.00;0;0;0.00;0.00;0;0
1553295119;lo;0.00;0.00;0.00;0;0;0.00;0.00;0.00;0;0;0.00;0.00;0;0
1553295119;total;0.00;0.00;0.00;0;0;0.00;0.00;0.00;0;0;0.00;0.00;0;0
1553295120;lo;160.00;160.00;320.00;160;160;2.00;2.00;4.00;2;2;0.00;0.00;0;0
1553295120;total;160.00;160.00;320.00;160;160;2.00;2.00;4.00;2;2;0.00;0.00;0;0
1553295121;lo;0.00;0.00;0.00;0;0;0.00;0.00;0.00;0;0;0.00;0.00;0;0
1553295121;total;0.00;0.00;0.00;0;0;0.00;0.00;0.00;0;0;0.00;0.00;0;0
1553295122;lo;0.00;0.00;0.00;0;0;0.00;0.00;0.00;0;0;0.00;0.00;0;0
1553295122;total;0.00;0.00;0.00;0;0;0.00;0.00;0.00;0;0;0.00;0.00;0;0
1553295123;lo;0.00;0.00;0.00;0;0;0.00;0.00;0.00;0;0;0.00;0.00;0;0
1553295123;total;0.00;0.00;0.00;0;0;0.00;0.00;0.00;0;0;0.00;0.00;0;0
1553295124;lo;0.00;0.00;0.00;0;0;0.00;0.00;0.00;0;0;0.00;0.00;0;0
1553295124;total;0.00;0.00;0.00;0;0;0.00;0.00;0.00;0;0;0.00;0.00;0;0
1553295125;lo;0.00;0.00;0.00;0;0;0.00;0.00;0.00;0;0;0.00;0.00;0;0
1553295125;total;0.00;0.00;0.00;0;0;0.00;0.00;0.00;0;0;0.00;0.00;0;0
1553295126;lo;176.00;176.00;352.00;176;176;2.00;2.00;4.00;2;2;0.00;0.00;0;0
1553295126;total;176.00;176.00;352.00;176;176;2.00;2.00;4.00;2;2;0.00;0.00;0;0
1553295127;lo;0.00;0.00;0.00;0;0;0.00;0.00;0.00;0;0;0.00;0.00;0;0
1553295127;total;0.00;0.00;0.00;0;0;0.00;0.00;0.00;0;0;0.00;0.00;0;0
1553295128;lo;0.00;0.00;0.00;0;0;0.00;0.00;0.00;0;0;0.00;0.00;0;0
1553295128;total;0.00;0.00;0.00;0;0;0.00;0.00;0.00;0;0;0.00;0.00;0;0
1553295129;lo;264.00;264.00;528.00;264;264;3.00;3.00;6.00;3;3;0.00;0.00;0;0
1553295129;total;264.00;264.00;528.00;264;264;3.00;3.00;6.00;3;3;0.00;0.00;0;0
1553295130;lo;0.00;0.00;0.00;0;0;0.00;0.00;0.00;0;0;0.00;0.00;0;0
1553295130;total;0.00;0.00;0.00;0;0;0.00;0.00;0.00;0;0;0.00;0.00;0;0
1553295131;lo;0.00;0.00;0.00;0;0;0.00;0.00;0.00;0;0;0.00;0.00;0;0
1553295131;total;0.00;0.00;0.00;0;0;0.00;0.00;0.00;0;0;0.00;0.00;0;0
1553295132;lo;176.00;176.00;352.00;176;176;2.00;2.00;4.00;2;2;0.00;0.00;0;0
1553295132;total;176.00;176.00;352.00;176;176;2.00;2.00;4.00;2;2;0.00;0.00;0;0
1553295133;lo;0.00;0.00;0.00;0;0;0.00;0.00;0.00;0;0;0.00;0.00;0;0
1553295133;total;0.00;0.00;0.00;0;0;0.00;0.00;0.00;0;0;0.00;0.00;0;0
1553295134;lo;0.00;0.00;0.00;0;0;0.00;0.00;0.00;0;0;0.00;0.00;0;0
1553295134;total;0.00;0.00;0.00;0;0;0.00;0.00;0.00;0;0;0.00;0.00;0;0
1553295135;lo;88.00;88.00;176.00;88;88;1.00;1.00;2.00;1;1;0.00;0.00;0;0
1553295135;total;88.00;88.00;176.00;88;88;1.00;1.00;2.00;1;1;0.00;0.00;0;0
1553295136;lo;0.00;0.00;0.00;0;0;0.00;0.00;0.00;0;0;0.00;0.00;0;0
1553295136;total;0.00;0.00;0.00;0;0;0.00;0.00;0.00;0;0;0.00;0.00;0;0
1553295137;lo;0.00;0.00;0.00;0;0;0.00;0.00;0.00;0;0;0.00;0.00;0;0
1553295137;total;0.00;0.00;0.00;0;0;0.00;0.00;0.00;0;0;0.00;0.00;0;0
1553295138;lo;0.00;0.00;0.00;0;0;0.00;0.00;0.00;0;0;0.00;0.00;0;0
1553295138;total;0.00;0.00;0.00;0;0;0.00;0.00;0.00;0;0;0.00;0.00;0;0
1553295139;lo;322.00;322.00;644.00;322;322;3.00;3.00;6.00;3;3;0.00;0.00;0;0
1553295139;total;322.00;322.00;644.00;322;322;3.00;3.00;6.00;3;3;0.00;0.00;0;0
1553295140;lo;164.00;164.00;328.00;164;164;1.00;1.00;2.00;1;1;0.00;0.00;0;0
1553295140;total;164.00;164.00;328.00;164;164;1.00;1.00;2.00;1;1;0.00;0.00;0;0
1553295141;lo;176.00;176.00;352.00;176;176;2.00;2.00;4.00;2;2;0.00;0.00;0;0
1553295141;total;176.00;176.00;352.00;176;176;2.00;2.00;4.00;2;2;0.00;0.00;0;0
1553295142;lo;0.00;0.00;0.00;0;0;0.00;0.00;0.00;0;0;0.00;0.00;0;0
1553295142;total;0.00;0.00;0.00;0;0;0.00;0.00;0.00;0;0;0.00;0.00;0;0
1553295143;lo;0.00;0.00;0.00;0;0;0.00;0.00;0.00;0;0;0.00;0.00;0;0
1553295143;total;0.00;0.00;0.00;0;0;0.00;0.00;0.00;0;0;0.00;0.00;0;0
1553295144;lo;264.00;264.00;528.00;264;264;3.00;3.00;6.00;3;3;0.00;0.00;0;0
1553295144;total;264.00;264.00;528.00;264;264;3.00;3.00;6.00;3;3;0.00;0.00;0;0
1553295145;lo;0.00;0.00;0.00;0;0;0.00;0.00;0.00;0;0;0.00;0.00;0;0
1553295145;total;0.00;0.00;0.00;0;0;0.00;0.00;0.00;0;0;0.00;0.00;0;0
1553295146;lo;0.00;0.00;0.00;0;0;0.00;0.00;0.00;0;0;0.00;0.00;0;0
1553295146;total;0.00;0.00;0.00;0;0;0.00;0.00;0.00;0;0;0.00;0.00;0;0
1553295147;lo;176.00;176.00;352.00;176;176;2.00;2.00;4.00;2;2;0.00;0.00;0;0
1553295147;total;176.00;176.00;352.00;176;176;2.00;2.00;4.00;2;2;0.00;0.00;0;0
1553295148;lo;0.00;0.00;0.00;0;0;0.00;0.00;0.00;0;0;0.00;0.00;0;0
1553295148;total;0.00;0.00;0.00;0;0;0.00;0.00;0.00;0;0;0.00;0.00;0;0
1553295149;lo;0.00;0.00;0.00;0;0;0.00;0.00;0.00;0;0;0.00;0.00;0;0
1553295149;total;0.00;0.00;0.00;0;0;0.00;0.00;0.00;0;0;0.00;0.00;0;0
1553295150;lo;2216.00;2216.00;4432.00;2216;2216;8.00;8.00;16.00;8;8;0.00;0.00;0;0
1553295150;total;2216.00;2216.00;4432.00;2216;2216;8.00;8.00;16.00;8;8;0.00;0.00;0;0
1553295151;lo;0.00;0.00;0.00;0;0;0.00;0.00;0.00;0;0;0.00;0.00;0;0
1553295151;total;0.00;0.00;0.00;0;0;0.00;0.00;0.00;0;0;0.00;0.00;0;0
1553295152;lo;0.00;0.00;0.00;0;0;0.00;0.00;0.00;0;0;0.00;0.00;0;0
1553295152;total;0.00;0.00;0.00;0;0;0.00;0.00;0.00;0;0;0.00;0.00;0;0
1553295153;lo;0.00;0.00;0.00;0;0;0.00;0.00;0.00;0;0;0.00;0.00;0;0
1553295153;total;0.00;0.00;0.00;0;0;0.00;0.00;0.00;0;0;0.00;0.00;0;0
1553295154;lo;0.00;0.00;0.00;0;0;0.00;0.00;0.00;0;0;0.00;0.00;0;0
1553295154;total;0.00;0.00;0.00;0;0;0.00;0.00;0.00;0;0;0.00;0.00;0;0
1553295155;lo;0.00;0.00;0.00;0;0;0.00;0.00;0.00;0;0;0.00;0.00;0;0
1553295155;total;0.00;0.00;0.00;0;0;0.00;0.00;0.00;0;0;0.00;0.00;0;0
1553295156;lo;176.00;176.00;352.00;176;176;2.00;2.00;4.00;2;2;0.00;0.00;0;0
1553295156;total;176.00;176.00;352.00;176;176;2.00;2.00;4.00;2;2;0.00;0.00;0;0
1553295157;lo;0.00;0.00;0.00;0;0;0.00;0.00;0.00;0;0;0.00;0.00;0;0
1553295157;total;0.00;0.00;0.00;0;0;0.00;0.00;0.00;0;0;0.00;0.00;0;0
1553295158;lo;0.00;0.00;0.00;0;0;0.00;0.00;0.00;0;0;0.00;0.00;0;0
1553295158;total;0.00;0.00;0.00;0;0;0.00;0.00;0.00;0;0;0.00;0.00;0;0
1553295159;lo;264.00;264.00;528.00;264;264;3.00;3.00;6.00;3;3;0.00;0.00;0;0
1553295159;total;264.00;264.00;528.00;264;264;3.00;3.00;6.00;3;3;0.00;0.00;0;0
1553295160;lo;0.00;0.00;0.00;0;0;0.00;0.00;0.00;0;0;0.00;0.00;0;0
1553295160;total;0.00;0.00;0.00;0;0;0.00;0.00;0.00;0;0;0.00;0.00;0;0
1553295161;lo;0.00;0.00;0.00;0;0;0.00;0.00;0.00;0;0;0.00;0.00;0;0
1553295161;total;0.00;0.00;0.00;0;0;0.00;0.00;0.00;0;0;0.00;0.00;0;0
1553295162;lo;176.00;176.00;352.00;176;176;2.00;2.00;4.00;2;2;0.00;0.00;0;0
1553295162;total;176.00;176.00;352.00;176;176;2.00;2.00;4.00;2;2;0.00;0.00;0;0
1553295163;lo;0.00;0.00;0.00;0;0;0.00;0.00;0.00;0;0;0.00;0.00;0;0
1553295163;total;0.00;0.00;0.00;0;0;0.00;0.00;0.00;0;0;0.00;0.00;0;0
1553295164;lo;0.00;0.00;0.00;0;0;0.00;0.00;0.00;0;0;0.00;0.00;0;0
1553295164;total;0.00;0.00;0.00;0;0;0.00;0.00;0.00;0;0;0.00;0.00;0;0
1553295165;lo;88.00;88.00;176.00;88;88;1.00;1.00;2.00;1;1;0.00;0.00;0;0
1553295165;total;88.00;88.00;176.00;88;88;1.00;1.00;2.00;1;1;0.00;0.00;0;0
1553295166;lo;0.00;0.00;0.00;0;0;0.00;0.00;0.00;0;0;0.00;0.00;0;0
1553295166;total;0.00;0.00;0.00;0;0;0.00;0.00;0.00;0;0;0.00;0.00;0;0
1553295167;lo;0.00;0.00;0.00;0;0;0.00;0.00;0.00;0;0;0.00;0.00;0;0
1553295167;total;0.00;0.00;0.00;0;0;0.00;0.00;0.00;0;0;0.00;0.00;0;0
1553295168;lo;0.00;0.00;0.00;0;0;0.00;0.00;0.00;0;0;0.00;0.00;0;0
1553295168;total;0.00;0.00;0.00;0;0;0.00;0.00;0.00;0;0;0.00;0.00;0;0
1553295169;lo;340.00;340.00;680.00;340;340;4.00;4.00;8.00;4;4;0.00;0.00;0;0
1553295169;total;340.00;340.00;680.00;340;340;4.00;4.00;8.00;4;4;0.00;0.00;0;0
1553295170;lo;0.00;0.00;0.00;0;0;0.00;0.00;0.00;0;0;0.00;0.00;0;0
1553295170;total;0.00;0.00;0.00;0;0;0.00;0.00;0.00;0;0;0.00;0.00;0;0
1553295171;lo;176.00;176.00;352.00;176;176;2.00;2.00;4.00;2;2;0.00;0.00;0;0
1553295171;total;176.00;176.00;352.00;176;176;2.00;2.00;4.00;2;2;0.00;0.00;0;0
1553295172;lo;0.00;0.00;0.00;0;0;0.00;0.00;0.00;0;0;0.00;0.00;0;0
1553295172;total;0.00;0.00;0.00;0;0;0.00;0.00;0.00;0;0;0.00;0.00;0;0
1553295173;lo;0.00;0.00;0.00;0;0;0.00;0.00;0.00;0;0;0.00;0.00;0;0
1553295173;total;0.00;0.00;0.00;0;0;0.00;0.00;0.00;0;0;0.00;0.00;0;0
1553295174;lo;264.00;264.00;528.00;264;264;3.00;3.00;6.00;3;3;0.00;0.00;0;0
1553295174;total;264.00;264.00;528.00;264;264;3.00;3.00;6.00;3;3;0.00;0.00;0;0
1553295175;lo;0.00;0.00;0.00;0;0;0.00;0.00;0.00;0;0;0.00;0.00;0;0
1553295175;total;0.00;0.00;0.00;0;0;0.00;0.00;0.00;0;0;0.00;0.00;0;0
1553295176;lo;0.00;0.00;0.00;0;0;0.00;0.00;0.00;0;0;0.00;0.00;0;0
1553295176;total;0.00;0.00;0.00;0;0;0.00;0.00;0.00;0;0;0.00;0.00;0;0
1553295177;lo;176.00;176.00;352.00;176;176;2.00;2.00;4.00;2;2;0.00;0.00;0;0
1553295177;total;176.00;176.00;352.00;176;176;2.00;2.00;4.00;2;2;0.00;0.00;0;0
1553295178;lo;0.00;0.00;0.00;0;0;0.00;0.00;0.00;0;0;0.00;0.00;0;0
1553295178;total;0.00;0.00;0.00;0;0;0.00;0.00;0.00;0;0;0.00;0.00;0;0
1553295179;lo;0.00;0.00;0.00;0;0;0.00;0.00;0.00;0;0;0.00;0.00;0;0
1553295179;total;0.00;0.00;0.00;0;0;0.00;0.00;0.00;0;0;0.00;0.00;0;0
1553295180;lo;160.00;160.00;320.00;160;160;2.00;2.00;4.00;2;2;0.00;0.00;0;0
1553295180;total;160.00;160.00;320.00;160;160;2.00;2.00;4.00;2;2;0.00;0.00;0;0
1553295181;lo;0.00;0.00;0.00;0;0;0.00;0.00;0.00;0;0;0.00;0.00;0;0
1553295181;total;0.00;0.00;0.00;0;0;0.00;0.00;0.00;0;0;0.00;0.00;0;0
1553295182;lo;0.00;0.00;0.00;0;0;0.00;0.00;0.00;0;0;0.00;0.00;0;0
1553295182;total;0.00;0.00;0.00;0;0;0.00;0.00;0.00;0;0;0.00;0.00;0;0
1553295183;lo;0.00;0.00;0.00;0;0;0.00;0.00;0.00;0;0;0.00;0.00;0;0
1553295183;total;0.00;0.00;0.00;0;0;0.00;0.00;0.00;0;0;0.00;0.00;0;0
1553295184;lo;0.00;0.00;0.00;0;0;0.00;0.00;0.00;0;0;0.00;0.00;0;0
1553295184;total;0.00;0.00;0.00;0;0;0.00;0.00;0.00;0;0;0.00;0.00;0;0
1553295185;lo;0.00;0.00;0.00;0;0;0.00;0.00;0.00;0;0;0.00;0.00;0;0
1553295185;total;0.00;0.00;0.00;0;0;0.00;0.00;0.00;0;0;0.00;0.00;0;0
1553295186;lo;176.00;176.00;352.00;176;176;2.00;2.00;4.00;2;2;0.00;0.00;0;0
1553295186;total;176.00;176.00;352.00;176;176;2.00;2.00;4.00;2;2;0.00;0.00;0;0
1553295187;lo;0.00;0.00;0.00;0;0;0.00;0.00;0.00;0;0;0.00;0.00;0;0
1553295187;total;0.00;0.00;0.00;0;0;0.00;0.00;0.00;0;0;0.00;0.00;0;0
1553295188;lo;0.00;0.00;0.00;0;0;0.00;0.00;0.00;0;0;0.00;0.00;0;0
1553295188;total;0.00;0.00;0.00;0;0;0.00;0.00;0.00;0;0;0.00;0.00;0;0
1553295189;lo;264.00;264.00;528.00;264;264;3.00;3.00;6.00;3;3;0.00;0.00;0;0
1553295189;total;264.00;264.00;528.00;264;264;3.00;3.00;6.00;3;3;0.00;0.00;0;0
1553295190;lo;0.00;0.00;0.00;0;0;0.00;0.00;0.00;0;0;0.00;0.00;0;0
1553295190;total;0.00;0.00;0.00;0;0;0.00;0.00;0.00;0;0;0.00;0.00;0;0
1553295191;lo;0.00;0.00;0.00;0;0;0.00;0.00;0.00;0;0;0.00;0.00;0;0
1553295191;total;0.00;0.00;0.00;0;0;0.00;0.00;0.00;0;0;0.00;0.00;0;0
1553295192;lo;176.00;176.00;352.00;176;176;2.00;2.00;4.00;2;2;0.00;0.00;0;0
1553295192;total;176.00;176.00;352.00;176;176;2.00;2.00;4.00;2;2;0.00;0.00;0;0
1553295193;lo;0.00;0.00;0.00;0;0;0.00;0.00;0.00;0;0;0.00;0.00;0;0
1553295193;total;0.00;0.00;0.00;0;0;0.00;0.00;0.00;0;0;0.00;0.00;0;0
1553295194;lo;0.00;0.00;0.00;0;0;0.00;0.00;0.00;0;0;0.00;0.00;0;0
1553295194;total;0.00;0.00;0.00;0;0;0.00;0.00;0.00;0;0;0.00;0.00;0;0
1553295195;lo;88.00;88.00;176.00;88;88;1.00;1.00;2.00;1;1;0.00;0.00;0;0
1553295195;total;88.00;88.00;176.00;88;88;1.00;1.00;2.00;1;1;0.00;0.00;0;0
1553295196;lo;0.00;0.00;0.00;0;0;0.00;0.00;0.00;0;0;0.00;0.00;0;0
1553295196;total;0.00;0.00;0.00;0;0;0.00;0.00;0.00;0;0;0.00;0.00;0;0
1553295197;lo;0.00;0.00;0.00;0;0;0.00;0.00;0.00;0;0;0.00;0.00;0;0
1553295197;total;0.00;0.00;0.00;0;0;0.00;0.00;0.00;0;0;0.00;0.00;0;0
1553295198;lo;0.00;0.00;0.00;0;0;0.00;0.00;0.00;0;0;0.00;0.00;0;0
1553295198;total;0.00;0.00;0.00;0;0;0.00;0.00;0.00;0;0;0.00;0.00;0;0
1553295199;lo;0.00;0.00;0.00;0;0;0.00;0.00;0.00;0;0;0.00;0.00;0;0
1553295199;total;0.00;0.00;0.00;0;0;0.00;0.00;0.00;0;0;0.00;0.00;0;0
1553295200;lo;340.00;340.00;680.00;340;340;4.00;4.00;8.00;4;4;0.00;0.00;0;0
1553295200;total;340.00;340.00;680.00;340;340;4.00;4.00;8.00;4;4;0.00;0.00;0;0
1553295201;lo;516.00;516.00;1032.00;516;516;6.00;6.00;12.00;6;6;0.00;0.00;0;0
1553295201;total;516.00;516.00;1032.00;516;516;6.00;6.00;12.00;6;6;0.00;0.00;0;0
1553295202;lo;0.00;0.00;0.00;0;0;0.00;0.00;0.00;0;0;0.00;0.00;0;0
1553295202;total;0.00;0.00;0.00;0;0;0.00;0.00;0.00;0;0;0.00;0.00;0;0
1553295203;lo;0.00;0.00;0.00;0;0;0.00;0.00;0.00;0;0;0.00;0.00;0;0
1553295203;total;0.00;0.00;0.00;0;0;0.00;0.00;0.00;0;0;0.00;0.00;0;0
1553295204;lo;264.00;264.00;528.00;264;264;3.00;3.00;6.00;3;3;0.00;0.00;0;0
1553295204;total;264.00;264.00;528.00;264;264;3.00;3.00;6.00;3;3;0.00;0.00;0;0
1553295205;lo;0.00;0.00;0.00;0;0;0.00;0.00;0.00;0;0;0.00;0.00;0;0
1553295205;total;0.00;0.00;0.00;0;0;0.00;0.00;0.00;0;0;0.00;0.00;0;0
1553295206;lo;0.00;0.00;0.00;0;0;0.00;0.00;0.00;0;0;0.00;0.00;0;0
1553295206;total;0.00;0.00;0.00;0;0;0.00;0.00;0.00;0;0;0.00;0.00;0;0
1553295207;lo;176.00;176.00;352.00;176;176;2.00;2.00;4.00;2;2;0.00;0.00;0;0
1553295207;total;176.00;176.00;352.00;176;176;2.00;2.00;4.00;2;2;0.00;0.00;0;0
1553295208;lo;0.00;0.00;0.00;0;0;0.00;0.00;0.00;0;0;0.00;0.00;0;0
1553295208;total;0.00;0.00;0.00;0;0;0.00;0.00;0.00;0;0;0.00;0.00;0;0
1553295209;lo;72.00;72.00;144.00;72;72;1.00;1.00;2.00;1;1;0.00;0.00;0;0
1553295209;total;72.00;72.00;144.00;72;72;1.00;1.00;2.00;1;1;0.00;0.00;0;0
1553295210;lo;2144.00;2144.00;4288.00;2144;2144;7.00;7.00;14.00;7;7;0.00;0.00;0;0
1553295210;total;2144.00;2144.00;4288.00;2144;2144;7.00;7.00;14.00;7;7;0.00;0.00;0;0
1553295211;lo;0.00;0.00;0.00;0;0;0.00;0.00;0.00;0;0;0.00;0.00;0;0
1553295211;total;0.00;0.00;0.00;0;0;0.00;0.00;0.00;0;0;0.00;0.00;0;0
1553295212;lo;0.00;0.00;0.00;0;0;0.00;0.00;0.00;0;0;0.00;0.00;0;0
1553295212;total;0.00;0.00;0.00;0;0;0.00;0.00;0.00;0;0;0.00;0.00;0;0
1553295213;lo;0.00;0.00;0.00;0;0;0.00;0.00;0.00;0;0;0.00;0.00;0;0
1553295213;total;0.00;0.00;0.00;0;0;0.00;0.00;0.00;0;0;0.00;0.00;0;0
1553295214;lo;0.00;0.00;0.00;0;0;0.00;0.00;0.00;0;0;0.00;0.00;0;0
1553295214;total;0.00;0.00;0.00;0;0;0.00;0.00;0.00;0;0;0.00;0.00;0;0
1553295215;lo;0.00;0.00;0.00;0;0;0.00;0.00;0.00;0;0;0.00;0.00;0;0
1553295215;total;0.00;0.00;0.00;0;0;0.00;0.00;0.00;0;0;0.00;0.00;0;0
1553295216;lo;176.00;176.00;352.00;176;176;2.00;2.00;4.00;2;2;0.00;0.00;0;0
1553295216;total;176.00;176.00;352.00;176;176;2.00;2.00;4.00;2;2;0.00;0.00;0;0
1553295217;lo;0.00;0.00;0.00;0;0;0.00;0.00;0.00;0;0;0.00;0.00;0;0
1553295217;total;0.00;0.00;0.00;0;0;0.00;0.00;0.00;0;0;0.00;0.00;0;0
1553295218;lo;0.00;0.00;0.00;0;0;0.00;0.00;0.00;0;0;0.00;0.00;0;0
1553295218;total;0.00;0.00;0.00;0;0;0.00;0.00;0.00;0;0;0.00;0.00;0;0
1553295219;lo;264.00;264.00;528.00;264;264;3.00;3.00;6.00;3;3;0.00;0.00;0;0
1553295219;total;264.00;264.00;528.00;264;264;3.00;3.00;6.00;3;3;0.00;0.00;0;0
1553295220;lo;0.00;0.00;0.00;0;0;0.00;0.00;0.00;0;0;0.00;0.00;0;0
1553295220;total;0.00;0.00;0.00;0;0;0.00;0.00;0.00;0;0;0.00;0.00;0;0
1553295221;lo;0.00;0.00;0.00;0;0;0.00;0.00;0.00;0;0;0.00;0.00;0;0
1553295221;total;0.00;0.00;0.00;0;0;0.00;0.00;0.00;0;0;0.00;0.00;0;0
1553295222;lo;176.00;176.00;352.00;176;176;2.00;2.00;4.00;2;2;0.00;0.00;0;0
1553295222;total;176.00;176.00;352.00;176;176;2.00;2.00;4.00;2;2;0.00;0.00;0;0
1553295223;lo;0.00;0.00;0.00;0;0;0.00;0.00;0.00;0;0;0.00;0.00;0;0
1553295223;total;0.00;0.00;0.00;0;0;0.00;0.00;0.00;0;0;0.00;0.00;0;0
1553295224;lo;549.00;549.00;1098.00;549;549;4.00;4.00;8.00;4;4;0.00;0.00;0;0
1553295224;total;549.00;549.00;1098.00;549;549;4.00;4.00;8.00;4;4;0.00;0.00;0;0
1553295225;lo;88.00;88.00;176.00;88;88;1.00;1.00;2.00;1;1;0.00;0.00;0;0
1553295225;total;88.00;88.00;176.00;88;88;1.00;1.00;2.00;1;1;0.00;0.00;0;0
1553295226;lo;0.00;0.00;0.00;0;0;0.00;0.00;0.00;0;0;0.00;0.00;0;0
1553295226;total;0.00;0.00;0.00;0;0;0.00;0.00;0.00;0;0;0.00;0.00;0;0
1553295227;lo;0.00;0.00;0.00;0;0;0.00;0.00;0.00;0;0;0.00;0.00;0;0
1553295227;total;0.00;0.00;0.00;0;0;0.00;0.00;0.00;0;0;0.00;0.00;0;0
1553295228;lo;0.00;0.00;0.00;0;0;0.00;0.00;0.00;0;0;0.00;0.00;0;0
1553295228;total;0.00;0.00;0.00;0;0;0.00;0.00;0.00;0;0;0.00;0.00;0;0
1553295229;lo;340.00;340.00;680.00;340;340;4.00;4.00;8.00;4;4;0.00;0.00;0;0
1553295229;total;340.00;340.00;680.00;340;340;4.00;4.00;8.00;4;4;0.00;0.00;0;0
1553295230;lo;0.00;0.00;0.00;0;0;0.00;0.00;0.00;0;0;0.00;0.00;0;0
1553295230;total;0.00;0.00;0.00;0;0;0.00;0.00;0.00;0;0;0.00;0.00;0;0
1553295231;lo;176.00;176.00;352.00;176;176;2.00;2.00;4.00;2;2;0.00;0.00;0;0
1553295231;total;176.00;176.00;352.00;176;176;2.00;2.00;4.00;2;2;0.00;0.00;0;0
1553295232;lo;0.00;0.00;0.00;0;0;0.00;0.00;0.00;0;0;0.00;0.00;0;0
1553295232;total;0.00;0.00;0.00;0;0;0.00;0.00;0.00;0;0;0.00;0.00;0;0
1553295233;lo;0.00;0.00;0.00;0;0;0.00;0.00;0.00;0;0;0.00;0.00;0;0
1553295233;total;0.00;0.00;0.00;0;0;0.00;0.00;0.00;0;0;0.00;0.00;0;0
1553295234;lo;264.00;264.00;528.00;264;264;3.00;3.00;6.00;3;3;0.00;0.00;0;0
1553295234;total;264.00;264.00;528.00;264;264;3.00;3.00;6.00;3;3;0.00;0.00;0;0
1553295235;lo;0.00;0.00;0.00;0;0;0.00;0.00;0.00;0;0;0.00;0.00;0;0
1553295235;total;0.00;0.00;0.00;0;0;0.00;0.00;0.00;0;0;0.00;0.00;0;0
1553295236;lo;0.00;0.00;0.00;0;0;0.00;0.00;0.00;0;0;0.00;0.00;0;0
1553295236;total;0.00;0.00;0.00;0;0;0.00;0.00;0.00;0;0;0.00;0.00;0;0
1553295237;lo;176.00;176.00;352.00;176;176;2.00;2.00;4.00;2;2;0.00;0.00;0;0
1553295237;total;176.00;176.00;352.00;176;176;2.00;2.00;4.00;2;2;0.00;0.00;0;0
1553295238;lo;0.00;0.00;0.00;0;0;0.00;0.00;0.00;0;0;0.00;0.00;0;0
1553295238;total;0.00;0.00;0.00;0;0;0.00;0.00;0.00;0;0;0.00;0.00;0;0
1553295239;lo;72.00;72.00;144.00;72;72;1.00;1.00;2.00;1;1;0.00;0.00;0;0
1553295239;total;72.00;72.00;144.00;72;72;1.00;1.00;2.00;1;1;0.00;0.00;0;0
1553295240;lo;637.00;637.00;1274.00;637;637;5.00;5.00;10.00;5;5;0.00;0.00;0;0
1553295240;total;637.00;637.00;1274.00;637;637;5.00;5.00;10.00;5;5;0.00;0.00;0;0
1553295241;lo;0.00;0.00;0.00;0;0;0.00;0.00;0.00;0;0;0.00;0.00;0;0
1553295241;total;0.00;0.00;0.00;0;0;0.00;0.00;0.00;0;0;0.00;0.00;0;0
1553295242;lo;549.00;549.00;1098.00;549;549;4.00;4.00;8.00;4;4;0.00;0.00;0;0
1553295242;total;549.00;549.00;1098.00;549;549;4.00;4.00;8.00;4;4;0.00;0.00;0;0
1553295243;lo;0.00;0.00;0.00;0;0;0.00;0.00;0.00;0;0;0.00;0.00;0;0
1553295243;total;0.00;0.00;0.00;0;0;0.00;0.00;0.00;0;0;0.00;0.00;0;0
1553295244;lo;0.00;0.00;0.00;0;0;0.00;0.00;0.00;0;0;0.00;0.00;0;0
1553295244;total;0.00;0.00;0.00;0;0;0.00;0.00;0.00;0;0;0.00;0.00;0;0
1553295245;lo;0.00;0.00;0.00;0;0;0.00;0.00;0.00;0;0;0.00;0.00;0;0
1553295245;total;0.00;0.00;0.00;0;0;0.00;0.00;0.00;0;0;0.00;0.00;0;0
1553295246;lo;176.00;176.00;352.00;176;176;2.00;2.00;4.00;2;2;0.00;0.00;0;0
1553295246;total;176.00;176.00;352.00;176;176;2.00;2.00;4.00;2;2;0.00;0.00;0;0
1553295247;lo;0.00;0.00;0.00;0;0;0.00;0.00;0.00;0;0;0.00;0.00;0;0
1553295247;total;0.00;0.00;0.00;0;0;0.00;0.00;0.00;0;0;0.00;0.00;0;0
1553295248;lo;0.00;0.00;0.00;0;0;0.00;0.00;0.00;0;0;0.00;0.00;0;0
1553295248;total;0.00;0.00;0.00;0;0;0.00;0.00;0.00;0;0;0.00;0.00;0;0
1553295249;lo;264.00;264.00;528.00;264;264;3.00;3.00;6.00;3;3;0.00;0.00;0;0
1553295249;total;264.00;264.00;528.00;264;264;3.00;3.00;6.00;3;3;0.00;0.00;0;0
1553295250;lo;0.00;0.00;0.00;0;0;0.00;0.00;0.00;0;0;0.00;0.00;0;0
1553295250;total;0.00;0.00;0.00;0;0;0.00;0.00;0.00;0;0;0.00;0.00;0;0
1553295251;lo;0.00;0.00;0.00;0;0;0.00;0.00;0.00;0;0;0.00;0.00;0;0
1553295251;total;0.00;0.00;0.00;0;0;0.00;0.00;0.00;0;0;0.00;0.00;0;0
1553295252;lo;176.00;176.00;352.00;176;176;2.00;2.00;4.00;2;2;0.00;0.00;0;0
1553295252;total;176.00;176.00;352.00;176;176;2.00;2.00;4.00;2;2;0.00;0.00;0;0
1553295253;lo;0.00;0.00;0.00;0;0;0.00;0.00;0.00;0;0;0.00;0.00;0;0
1553295253;total;0.00;0.00;0.00;0;0;0.00;0.00;0.00;0;0;0.00;0.00;0;0
1553295254;lo;0.00;0.00;0.00;0;0;0.00;0.00;0.00;0;0;0.00;0.00;0;0
1553295254;total;0.00;0.00;0.00;0;0;0.00;0.00;0.00;0;0;0.00;0.00;0;0
1553295255;lo;88.00;88.00;176.00;88;88;1.00;1.00;2.00;1;1;0.00;0.00;0;0
1553295255;total;88.00;88.00;176.00;88;88;1.00;1.00;2.00;1;1;0.00;0.00;0;0
1553295256;lo;0.00;0.00;0.00;0;0;0.00;0.00;0.00;0;0;0.00;0.00;0;0
1553295256;total;0.00;0.00;0.00;0;0;0.00;0.00;0.00;0;0;0.00;0.00;0;0
1553295257;lo;340.00;340.00;680.00;340;340;4.00;4.00;8.00;4;4;0.00;0.00;0;0
1553295257;total;340.00;340.00;680.00;340;340;4.00;4.00;8.00;4;4;0.00;0.00;0;0
1553295258;lo;340.00;340.00;680.00;340;340;4.00;4.00;8.00;4;4;0.00;0.00;0;0
1553295258;total;340.00;340.00;680.00;340;340;4.00;4.00;8.00;4;4;0.00;0.00;0;0
1553295259;lo;0.00;0.00;0.00;0;0;0.00;0.00;0.00;0;0;0.00;0.00;0;0
1553295259;total;0.00;0.00;0.00;0;0;0.00;0.00;0.00;0;0;0.00;0.00;0;0
1553295260;lo;0.00;0.00;0.00;0;0;0.00;0.00;0.00;0;0;0.00;0.00;0;0
1553295260;total;0.00;0.00;0.00;0;0;0.00;0.00;0.00;0;0;0.00;0.00;0;0
1553295261;lo;176.00;176.00;352.00;176;176;2.00;2.00;4.00;2;2;0.00;0.00;0;0
1553295261;total;176.00;176.00;352.00;176;176;2.00;2.00;4.00;2;2;0.00;0.00;0;0
1553295262;lo;0.00;0.00;0.00;0;0;0.00;0.00;0.00;0;0;0.00;0.00;0;0
1553295262;total;0.00;0.00;0.00;0;0;0.00;0.00;0.00;0;0;0.00;0.00;0;0
1553295263;lo;0.00;0.00;0.00;0;0;0.00;0.00;0.00;0;0;0.00;0.00;0;0
1553295263;total;0.00;0.00;0.00;0;0;0.00;0.00;0.00;0;0;0.00;0.00;0;0
1553295264;lo;264.00;264.00;528.00;264;264;3.00;3.00;6.00;3;3;0.00;0.00;0;0
1553295264;total;264.00;264.00;528.00;264;264;3.00;3.00;6.00;3;3;0.00;0.00;0;0
1553295265;lo;116.00;116.00;232.00;116;116;1.00;1.00;2.00;1;1;0.00;0.00;0;0
1553295265;total;116.00;116.00;232.00;116;116;1.00;1.00;2.00;1;1;0.00;0.00;0;0
1553295266;lo;0.00;0.00;0.00;0;0;0.00;0.00;0.00;0;0;0.00;0.00;0;0
1553295266;total;0.00;0.00;0.00;0;0;0.00;0.00;0.00;0;0;0.00;0.00;0;0
1553295267;lo;176.00;176.00;352.00;176;176;2.00;2.00;4.00;2;2;0.00;0.00;0;0
1553295267;total;176.00;176.00;352.00;176;176;2.00;2.00;4.00;2;2;0.00;0.00;0;0
1553295268;lo;0.00;0.00;0.00;0;0;0.00;0.00;0.00;0;0;0.00;0.00;0;0
1553295268;total;0.00;0.00;0.00;0;0;0.00;0.00;0.00;0;0;0.00;0.00;0;0
1553295269;lo;72.00;72.00;144.00;72;72;1.00;1.00;2.00;1;1;0.00;0.00;0;0
1553295269;total;72.00;72.00;144.00;72;72;1.00;1.00;2.00;1;1;0.00;0.00;0;0
1553295270;lo;2144.00;2144.00;4288.00;2144;2144;7.00;7.00;14.00;7;7;0.00;0.00;0;0
1553295270;total;2144.00;2144.00;4288.00;2144;2144;7.00;7.00;14.00;7;7;0.00;0.00;0;0
1553295271;lo;0.00;0.00;0.00;0;0;0.00;0.00;0.00;0;0;0.00;0.00;0;0
1553295271;total;0.00;0.00;0.00;0;0;0.00;0.00;0.00;0;0;0.00;0.00;0;0
1553295272;lo;0.00;0.00;0.00;0;0;0.00;0.00;0.00;0;0;0.00;0.00;0;0
1553295272;total;0.00;0.00;0.00;0;0;0.00;0.00;0.00;0;0;0.00;0.00;0;0
1553295273;lo;112.00;112.00;224.00;112;112;2.00;2.00;4.00;2;2;0.00;0.00;0;0
1553295273;total;112.00;112.00;224.00;112;112;2.00;2.00;4.00;2;2;0.00;0.00;0;0
1553295274;lo;228.00;228.00;456.00;228;228;2.00;2.00;4.00;2;2;0.00;0.00;0;0
1553295274;total;228.00;228.00;456.00;228;228;2.00;2.00;4.00;2;2;0.00;0.00;0;0
1553295275;lo;0.00;0.00;0.00;0;0;0.00;0.00;0.00;0;0;0.00;0.00;0;0
1553295275;total;0.00;0.00;0.00;0;0;0.00;0.00;0.00;0;0;0.00;0.00;0;0
1553295276;lo;176.00;176.00;352.00;176;176;2.00;2.00;4.00;2;2;0.00;0.00;0;0
1553295276;total;176.00;176.00;352.00;176;176;2.00;2.00;4.00;2;2;0.00;0.00;0;0
1553295277;lo;0.00;0.00;0.00;0;0;0.00;0.00;0.00;0;0;0.00;0.00;0;0
1553295277;total;0.00;0.00;0.00;0;0;0.00;0.00;0.00;0;0;0.00;0.00;0;0
1553295278;lo;0.00;0.00;0.00;0;0;0.00;0.00;0.00;0;0;0.00;0.00;0;0
1553295278;total;0.00;0.00;0.00;0;0;0.00;0.00;0.00;0;0;0.00;0.00;0;0
1553295279;lo;264.00;264.00;528.00;264;264;3.00;3.00;6.00;3;3;0.00;0.00;0;0
1553295279;total;264.00;264.00;528.00;264;264;3.00;3.00;6.00;3;3;0.00;0.00;0;0
1553295280;lo;0.00;0.00;0.00;0;0;0.00;0.00;0.00;0;0;0.00;0.00;0;0
1553295280;total;0.00;0.00;0.00;0;0;0.00;0.00;0.00;0;0;0.00;0.00;0;0
1553295281;lo;0.00;0.00;0.00;0;0;0.00;0.00;0.00;0;0;0.00;0.00;0;0
1553295281;total;0.00;0.00;0.00;0;0;0.00;0.00;0.00;0;0;0.00;0.00;0;0
1553295282;lo;176.00;176.00;352.00;176;176;2.00;2.00;4.00;2;2;0.00;0.00;0;0
1553295282;total;176.00;176.00;352.00;176;176;2.00;2.00;4.00;2;2;0.00;0.00;0;0
1553295283;lo;0.00;0.00;0.00;0;0;0.00;0.00;0.00;0;0;0.00;0.00;0;0
1553295283;total;0.00;0.00;0.00;0;0;0.00;0.00;0.00;0;0;0.00;0.00;0;0
1553295284;lo;0.00;0.00;0.00;0;0;0.00;0.00;0.00;0;0;0.00;0.00;0;0
1553295284;total;0.00;0.00;0.00;0;0;0.00;0.00;0.00;0;0;0.00;0.00;0;0
1553295285;lo;88.00;88.00;176.00;88;88;1.00;1.00;2.00;1;1;0.00;0.00;0;0
1553295285;total;88.00;88.00;176.00;88;88;1.00;1.00;2.00;1;1;0.00;0.00;0;0
1553295286;lo;0.00;0.00;0.00;0;0;0.00;0.00;0.00;0;0;0.00;0.00;0;0
1553295286;total;0.00;0.00;0.00;0;0;0.00;0.00;0.00;0;0;0.00;0.00;0;0
1553295287;lo;0.00;0.00;0.00;0;0;0.00;0.00;0.00;0;0;0.00;0.00;0;0
1553295287;total;0.00;0.00;0.00;0;0;0.00;0.00;0.00;0;0;0.00;0.00;0;0
1553295288;lo;0.00;0.00;0.00;0;0;0.00;0.00;0.00;0;0;0.00;0.00;0;0
1553295288;total;0.00;0.00;0.00;0;0;0.00;0.00;0.00;0;0;0.00;0.00;0;0
1553295289;lo;340.00;340.00;680.00;340;340;4.00;4.00;8.00;4;4;0.00;0.00;0;0
1553295289;total;340.00;340.00;680.00;340;340;4.00;4.00;8.00;4;4;0.00;0.00;0;0
1553295290;lo;0.00;0.00;0.00;0;0;0.00;0.00;0.00;0;0;0.00;0.00;0;0
1553295290;total;0.00;0.00;0.00;0;0;0.00;0.00;0.00;0;0;0.00;0.00;0;0
1553295291;lo;176.00;176.00;352.00;176;176;2.00;2.00;4.00;2;2;0.00;0.00;0;0
1553295291;total;176.00;176.00;352.00;176;176;2.00;2.00;4.00;2;2;0.00;0.00;0;0
1553295292;lo;0.00;0.00;0.00;0;0;0.00;0.00;0.00;0;0;0.00;0.00;0;0
1553295292;total;0.00;0.00;0.00;0;0;0.00;0.00;0.00;0;0;0.00;0.00;0;0
1553295293;lo;0.00;0.00;0.00;0;0;0.00;0.00;0.00;0;0;0.00;0.00;0;0
1553295293;total;0.00;0.00;0.00;0;0;0.00;0.00;0.00;0;0;0.00;0.00;0;0
1553295294;lo;264.00;264.00;528.00;264;264;3.00;3.00;6.00;3;3;0.00;0.00;0;0
1553295294;total;264.00;264.00;528.00;264;264;3.00;3.00;6.00;3;3;0.00;0.00;0;0
1553295295;lo;0.00;0.00;0.00;0;0;0.00;0.00;0.00;0;0;0.00;0.00;0;0
1553295295;total;0.00;0.00;0.00;0;0;0.00;0.00;0.00;0;0;0.00;0.00;0;0
1553295296;lo;0.00;0.00;0.00;0;0;0.00;0.00;0.00;0;0;0.00;0.00;0;0
1553295296;total;0.00;0.00;0.00;0;0;0.00;0.00;0.00;0;0;0.00;0.00;0;0
1553295297;lo;176.00;176.00;352.00;176;176;2.00;2.00;4.00;2;2;0.00;0.00;0;0
1553295297;total;176.00;176.00;352.00;176;176;2.00;2.00;4.00;2;2;0.00;0.00;0;0
1553295298;lo;1098.00;1098.00;2196.00;1098;1098;13.00;13.00;26.00;13;13;0.00;0.00;0;0
1553295298;total;1098.00;1098.00;2196.00;1098;1098;13.00;13.00;26.00;13;13;0.00;0.00;0;0
1553295299;lo;493.00;493.00;986.00;493;493;6.00;6.00;12.00;6;6;0.00;0.00;0;0
1553295299;total;493.00;493.00;986.00;493;493;6.00;6.00;12.00;6;6;0.00;0.00;0;0
1553295300;lo;324.00;324.00;648.00;324;324;4.00;4.00;8.00;4;4;0.00;0.00;0;0
1553295300;total;324.00;324.00;648.00;324;324;4.00;4.00;8.00;4;4;0.00;0.00;0;0
1553295301;lo;74.00;74.00;148.00;74;74;1.00;1.00;2.00;1;1;0.00;0.00;0;0
1553295301;total;74.00;74.00;148.00;74;74;1.00;1.00;2.00;1;1;0.00;0.00;0;0
1553295302;lo;339.00;339.00;678.00;339;339;4.00;4.00;8.00;4;4;0.00;0.00;0;0
1553295302;total;339.00;339.00;678.00;339;339;4.00;4.00;8.00;4;4;0.00;0.00;0;0
1553295303;lo;0.00;0.00;0.00;0;0;0.00;0.00;0.00;0;0;0.00;0.00;0;0
1553295303;total;0.00;0.00;0.00;0;0;0.00;0.00;0.00;0;0;0.00;0.00;0;0
1553295304;lo;0.00;0.00;0.00;0;0;0.00;0.00;0.00;0;0;0.00;0.00;0;0
1553295304;total;0.00;0.00;0.00;0;0;0.00;0.00;0.00;0;0;0.00;0.00;0;0
1553295305;lo;126.00;126.00;252.00;126;126;2.00;2.00;4.00;2;2;0.00;0.00;0;0
1553295305;total;126.00;126.00;252.00;126;126;2.00;2.00;4.00;2;2;0.00;0.00;0;0
1553295306;lo;176.00;176.00;352.00;176;176;2.00;2.00;4.00;2;2;0.00;0.00;0;0
1553295306;total;176.00;176.00;352.00;176;176;2.00;2.00;4.00;2;2;0.00;0.00;0;0
1553295307;lo;0.00;0.00;0.00;0;0;0.00;0.00;0.00;0;0;0.00;0.00;0;0
1553295307;total;0.00;0.00;0.00;0;0;0.00;0.00;0.00;0;0;0.00;0.00;0;0
1553295308;lo;235.00;235.00;470.00;235;235;3.00;3.00;6.00;3;3;0.00;0.00;0;0
1553295308;total;235.00;235.00;470.00;235;235;3.00;3.00;6.00;3;3;0.00;0.00;0;0
1553295309;lo;351.00;351.00;702.00;351;351;4.00;4.00;8.00;4;4;0.00;0.00;0;0
1553295309;total;351.00;351.00;702.00;351;351;4.00;4.00;8.00;4;4;0.00;0.00;0;0
1553295310;lo;0.00;0.00;0.00;0;0;0.00;0.00;0.00;0;0;0.00;0.00;0;0
1553295310;total;0.00;0.00;0.00;0;0;0.00;0.00;0.00;0;0;0.00;0.00;0;0
1553295311;lo;0.00;0.00;0.00;0;0;0.00;0.00;0.00;0;0;0.00;0.00;0;0
1553295311;total;0.00;0.00;0.00;0;0;0.00;0.00;0.00;0;0;0.00;0.00;0;0
1553295312;lo;176.00;176.00;352.00;176;176;2.00;2.00;4.00;2;2;0.00;0.00;0;0
1553295312;total;176.00;176.00;352.00;176;176;2.00;2.00;4.00;2;2;0.00;0.00;0;0
1553295313;lo;176.00;176.00;352.00;176;176;2.00;2.00;4.00;2;2;0.00;0.00;0;0
1553295313;total;176.00;176.00;352.00;176;176;2.00;2.00;4.00;2;2;0.00;0.00;0;0
1553295314;lo;253.00;253.00;506.00;253;253;3.00;3.00;6.00;3;3;0.00;0.00;0;0
1553295314;total;253.00;253.00;506.00;253;253;3.00;3.00;6.00;3;3;0.00;0.00;0;0
1553295315;lo;339.00;339.00;678.00;339;339;4.00;4.00;8.00;4;4;0.00;0.00;0;0
1553295315;total;339.00;339.00;678.00;339;339;4.00;4.00;8.00;4;4;0.00;0.00;0;0
1553295316;lo;0.00;0.00;0.00;0;0;0.00;0.00;0.00;0;0;0.00;0.00;0;0
1553295316;total;0.00;0.00;0.00;0;0;0.00;0.00;0.00;0;0;0.00;0.00;0;0
1553295317;lo;0.00;0.00;0.00;0;0;0.00;0.00;0.00;0;0;0.00;0.00;0;0
1553295317;total;0.00;0.00;0.00;0;0;0.00;0.00;0.00;0;0;0.00;0.00;0;0
1553295318;lo;0.00;0.00;0.00;0;0;0.00;0.00;0.00;0;0;0.00;0.00;0;0
1553295318;total;0.00;0.00;0.00;0;0;0.00;0.00;0.00;0;0;0.00;0.00;0;0
1553295319;lo;0.00;0.00;0.00;0;0;0.00;0.00;0.00;0;0;0.00;0.00;0;0
1553295319;total;0.00;0.00;0.00;0;0;0.00;0.00;0.00;0;0;0.00;0.00;0;0
1553295320;lo;176.00;176.00;352.00;176;176;2.00;2.00;4.00;2;2;0.00;0.00;0;0
1553295320;total;176.00;176.00;352.00;176;176;2.00;2.00;4.00;2;2;0.00;0.00;0;0
1553295321;lo;0.00;0.00;0.00;0;0;0.00;0.00;0.00;0;0;0.00;0.00;0;0
1553295321;total;0.00;0.00;0.00;0;0;0.00;0.00;0.00;0;0;0.00;0.00;0;0
1553295322;lo;0.00;0.00;0.00;0;0;0.00;0.00;0.00;0;0;0.00;0.00;0;0
1553295322;total;0.00;0.00;0.00;0;0;0.00;0.00;0.00;0;0;0.00;0.00;0;0
1553295323;lo;0.00;0.00;0.00;0;0;0.00;0.00;0.00;0;0;0.00;0.00;0;0
1553295323;total;0.00;0.00;0.00;0;0;0.00;0.00;0.00;0;0;0.00;0.00;0;0
1553295324;lo;264.00;264.00;528.00;264;264;3.00;3.00;6.00;3;3;0.00;0.00;0;0
1553295324;total;264.00;264.00;528.00;264;264;3.00;3.00;6.00;3;3;0.00;0.00;0;0
1553295325;lo;0.00;0.00;0.00;0;0;0.00;0.00;0.00;0;0;0.00;0.00;0;0
1553295325;total;0.00;0.00;0.00;0;0;0.00;0.00;0.00;0;0;0.00;0.00;0;0
1553295326;lo;0.00;0.00;0.00;0;0;0.00;0.00;0.00;0;0;0.00;0.00;0;0
1553295326;total;0.00;0.00;0.00;0;0;0.00;0.00;0.00;0;0;0.00;0.00;0;0
1553295327;lo;176.00;176.00;352.00;176;176;2.00;2.00;4.00;2;2;0.00;0.00;0;0
1553295327;total;176.00;176.00;352.00;176;176;2.00;2.00;4.00;2;2;0.00;0.00;0;0
1553295328;lo;167.00;167.00;334.00;167;167;2.00;2.00;4.00;2;2;0.00;0.00;0;0
1553295328;total;167.00;167.00;334.00;167;167;2.00;2.00;4.00;2;2;0.00;0.00;0;0
1553295329;lo;72.00;72.00;144.00;72;72;1.00;1.00;2.00;1;1;0.00;0.00;0;0
1553295329;total;72.00;72.00;144.00;72;72;1.00;1.00;2.00;1;1;0.00;0.00;0;0
1553295330;lo;2144.00;2144.00;4288.00;2144;2144;7.00;7.00;14.00;7;7;0.00;0.00;0;0
1553295330;total;2144.00;2144.00;4288.00;2144;2144;7.00;7.00;14.00;7;7;0.00;0.00;0;0
1553295331;lo;0.00;0.00;0.00;0;0;0.00;0.00;0.00;0;0;0.00;0.00;0;0
1553295331;total;0.00;0.00;0.00;0;0;0.00;0.00;0.00;0;0;0.00;0.00;0;0
1553295332;lo;0.00;0.00;0.00;0;0;0.00;0.00;0.00;0;0;0.00;0.00;0;0
1553295332;total;0.00;0.00;0.00;0;0;0.00;0.00;0.00;0;0;0.00;0.00;0;0
1553295333;lo;0.00;0.00;0.00;0;0;0.00;0.00;0.00;0;0;0.00;0.00;0;0
1553295333;total;0.00;0.00;0.00;0;0;0.00;0.00;0.00;0;0;0.00;0.00;0;0
1553295334;lo;0.00;0.00;0.00;0;0;0.00;0.00;0.00;0;0;0.00;0.00;0;0
1553295334;total;0.00;0.00;0.00;0;0;0.00;0.00;0.00;0;0;0.00;0.00;0;0
1553295335;lo;176.00;176.00;352.00;176;176;2.00;2.00;4.00;2;2;0.00;0.00;0;0
1553295335;total;176.00;176.00;352.00;176;176;2.00;2.00;4.00;2;2;0.00;0.00;0;0
1553295336;lo;0.00;0.00;0.00;0;0;0.00;0.00;0.00;0;0;0.00;0.00;0;0
1553295336;total;0.00;0.00;0.00;0;0;0.00;0.00;0.00;0;0;0.00;0.00;0;0
1553295337;lo;0.00;0.00;0.00;0;0;0.00;0.00;0.00;0;0;0.00;0.00;0;0
1553295337;total;0.00;0.00;0.00;0;0;0.00;0.00;0.00;0;0;0.00;0.00;0;0
1553295338;lo;0.00;0.00;0.00;0;0;0.00;0.00;0.00;0;0;0.00;0.00;0;0
1553295338;total;0.00;0.00;0.00;0;0;0.00;0.00;0.00;0;0;0.00;0.00;0;0
1553295339;lo;264.00;264.00;528.00;264;264;3.00;3.00;6.00;3;3;0.00;0.00;0;0
1553295339;total;264.00;264.00;528.00;264;264;3.00;3.00;6.00;3;3;0.00;0.00;0;0
1553295340;lo;0.00;0.00;0.00;0;0;0.00;0.00;0.00;0;0;0.00;0.00;0;0
1553295340;total;0.00;0.00;0.00;0;0;0.00;0.00;0.00;0;0;0.00;0.00;0;0
1553295341;lo;0.00;0.00;0.00;0;0;0.00;0.00;0.00;0;0;0.00;0.00;0;0
1553295341;total;0.00;0.00;0.00;0;0;0.00;0.00;0.00;0;0;0.00;0.00;0;0
1553295342;lo;176.00;176.00;352.00;176;176;2.00;2.00;4.00;2;2;0.00;0.00;0;0
1553295342;total;176.00;176.00;352.00;176;176;2.00;2.00;4.00;2;2;0.00;0.00;0;0
1553295343;lo;0.00;0.00;0.00;0;0;0.00;0.00;0.00;0;0;0.00;0.00;0;0
1553295343;total;0.00;0.00;0.00;0;0;0.00;0.00;0.00;0;0;0.00;0.00;0;0
1553295344;lo;0.00;0.00;0.00;0;0;0.00;0.00;0.00;0;0;0.00;0.00;0;0
1553295344;total;0.00;0.00;0.00;0;0;0.00;0.00;0.00;0;0;0.00;0.00;0;0
1553295345;lo;88.00;88.00;176.00;88;88;1.00;1.00;2.00;1;1;0.00;0.00;0;0
1553295345;total;88.00;88.00;176.00;88;88;1.00;1.00;2.00;1;1;0.00;0.00;0;0
1553295346;lo;0.00;0.00;0.00;0;0;0.00;0.00;0.00;0;0;0.00;0.00;0;0
1553295346;total;0.00;0.00;0.00;0;0;0.00;0.00;0.00;0;0;0.00;0.00;0;0
1553295347;lo;0.00;0.00;0.00;0;0;0.00;0.00;0.00;0;0;0.00;0.00;0;0
1553295347;total;0.00;0.00;0.00;0;0;0.00;0.00;0.00;0;0;0.00;0.00;0;0
1553295348;lo;0.00;0.00;0.00;0;0;0.00;0.00;0.00;0;0;0.00;0.00;0;0
1553295348;total;0.00;0.00;0.00;0;0;0.00;0.00;0.00;0;0;0.00;0.00;0;0
1553295349;lo;0.00;0.00;0.00;0;0;0.00;0.00;0.00;0;0;0.00;0.00;0;0
1553295349;total;0.00;0.00;0.00;0;0;0.00;0.00;0.00;0;0;0.00;0.00;0;0
1553295350;lo;654.00;654.00;1308.00;654;654;8.00;8.00;16.00;8;8;0.00;0.00;0;0
1553295350;total;654.00;654.00;1308.00;654;654;8.00;8.00;16.00;8;8;0.00;0.00;0;0
1553295351;lo;232.00;232.00;464.00;232;232;2.00;2.00;4.00;2;2;0.00;0.00;0;0
1553295351;total;232.00;232.00;464.00;232;232;2.00;2.00;4.00;2;2;0.00;0.00;0;0
1553295352;lo;124.00;124.00;248.00;124;124;2.00;2.00;4.00;2;2;0.00;0.00;0;0
1553295352;total;124.00;124.00;248.00;124;124;2.00;2.00;4.00;2;2;0.00;0.00;0;0
1553295353;lo;271.00;271.00;542.00;271;271;2.00;2.00;4.00;2;2;0.00;0.00;0;0
1553295353;total;271.00;271.00;542.00;271;271;2.00;2.00;4.00;2;2;0.00;0.00;0;0
1553295354;lo;264.00;264.00;528.00;264;264;3.00;3.00;6.00;3;3;0.00;0.00;0;0
1553295354;total;264.00;264.00;528.00;264;264;3.00;3.00;6.00;3;3;0.00;0.00;0;0
1553295355;lo;0.00;0.00;0.00;0;0;0.00;0.00;0.00;0;0;0.00;0.00;0;0
1553295355;total;0.00;0.00;0.00;0;0;0.00;0.00;0.00;0;0;0.00;0.00;0;0
1553295356;lo;110.00;110.00;220.00;110;110;2.00;2.00;4.00;2;2;0.00;0.00;0;0
1553295356;total;110.00;110.00;220.00;110;110;2.00;2.00;4.00;2;2;0.00;0.00;0;0
1553295357;lo;445.00;445.00;890.00;445;445;4.00;4.00;8.00;4;4;0.00;0.00;0;0
1553295357;total;445.00;445.00;890.00;445;445;4.00;4.00;8.00;4;4;0.00;0.00;0;0
1553295358;lo;0.00;0.00;0.00;0;0;0.00;0.00;0.00;0;0;0.00;0.00;0;0
1553295358;total;0.00;0.00;0.00;0;0;0.00;0.00;0.00;0;0;0.00;0.00;0;0
1553295359;lo;72.00;72.00;144.00;72;72;1.00;1.00;2.00;1;1;0.00;0.00;0;0
1553295359;total;72.00;72.00;144.00;72;72;1.00;1.00;2.00;1;1;0.00;0.00;0;0
1553295360;lo;88.00;88.00;176.00;88;88;1.00;1.00;2.00;1;1;0.00;0.00;0;0
1553295360;total;88.00;88.00;176.00;88;88;1.00;1.00;2.00;1;1;0.00;0.00;0;0
1553295361;lo;0.00;0.00;0.00;0;0;0.00;0.00;0.00;0;0;0.00;0.00;0;0
1553295361;total;0.00;0.00;0.00;0;0;0.00;0.00;0.00;0;0;0.00;0.00;0;0
1553295362;lo;66.00;66.00;132.00;66;66;1.00;1.00;2.00;1;1;0.00;0.00;0;0
1553295362;total;66.00;66.00;132.00;66;66;1.00;1.00;2.00;1;1;0.00;0.00;0;0
1553295363;lo;0.00;0.00;0.00;0;0;0.00;0.00;0.00;0;0;0.00;0.00;0;0
1553295363;total;0.00;0.00;0.00;0;0;0.00;0.00;0.00;0;0;0.00;0.00;0;0
1553295364;lo;112.00;112.00;224.00;112;112;1.00;1.00;2.00;1;1;0.00;0.00;0;0
1553295364;total;112.00;112.00;224.00;112;112;1.00;1.00;2.00;1;1;0.00;0.00;0;0
1553295365;lo;176.00;176.00;352.00;176;176;2.00;2.00;4.00;2;2;0.00;0.00;0;0
1553295365;total;176.00;176.00;352.00;176;176;2.00;2.00;4.00;2;2;0.00;0.00;0;0
1553295366;lo;0.00;0.00;0.00;0;0;0.00;0.00;0.00;0;0;0.00;0.00;0;0
1553295366;total;0.00;0.00;0.00;0;0;0.00;0.00;0.00;0;0;0.00;0.00;0;0
1553295367;lo;0.00;0.00;0.00;0;0;0.00;0.00;0.00;0;0;0.00;0.00;0;0
1553295367;total;0.00;0.00;0.00;0;0;0.00;0.00;0.00;0;0;0.00;0.00;0;0
1553295368;lo;0.00;0.00;0.00;0;0;0.00;0.00;0.00;0;0;0.00;0.00;0;0
1553295368;total;0.00;0.00;0.00;0;0;0.00;0.00;0.00;0;0;0.00;0.00;0;0
1553295369;lo;264.00;264.00;528.00;264;264;3.00;3.00;6.00;3;3;0.00;0.00;0;0
1553295369;total;264.00;264.00;528.00;264;264;3.00;3.00;6.00;3;3;0.00;0.00;0;0
1553295370;lo;0.00;0.00;0.00;0;0;0.00;0.00;0.00;0;0;0.00;0.00;0;0
1553295370;total;0.00;0.00;0.00;0;0;0.00;0.00;0.00;0;0;0.00;0.00;0;0
1553295371;lo;0.00;0.00;0.00;0;0;0.00;0.00;0.00;0;0;0.00;0.00;0;0
1553295371;total;0.00;0.00;0.00;0;0;0.00;0.00;0.00;0;0;0.00;0.00;0;0
1553295372;lo;176.00;176.00;352.00;176;176;2.00;2.00;4.00;2;2;0.00;0.00;0;0
1553295372;total;176.00;176.00;352.00;176;176;2.00;2.00;4.00;2;2;0.00;0.00;0;0
1553295373;lo;0.00;0.00;0.00;0;0;0.00;0.00;0.00;0;0;0.00;0.00;0;0
1553295373;total;0.00;0.00;0.00;0;0;0.00;0.00;0.00;0;0;0.00;0.00;0;0
1553295374;lo;74.00;74.00;148.00;74;74;1.00;1.00;2.00;1;1;0.00;0.00;0;0
1553295374;total;74.00;74.00;148.00;74;74;1.00;1.00;2.00;1;1;0.00;0.00;0;0
1553295375;lo;208.00;208.00;416.00;208;208;2.00;2.00;4.00;2;2;0.00;0.00;0;0
1553295375;total;208.00;208.00;416.00;208;208;2.00;2.00;4.00;2;2;0.00;0.00;0;0
1553295376;lo;0.00;0.00;0.00;0;0;0.00;0.00;0.00;0;0;0.00;0.00;0;0
1553295376;total;0.00;0.00;0.00;0;0;0.00;0.00;0.00;0;0;0.00;0.00;0;0
1553295377;lo;0.00;0.00;0.00;0;0;0.00;0.00;0.00;0;0;0.00;0.00;0;0
1553295377;total;0.00;0.00;0.00;0;0;0.00;0.00;0.00;0;0;0.00;0.00;0;0
1553295378;lo;0.00;0.00;0.00;0;0;0.00;0.00;0.00;0;0;0.00;0.00;0;0
1553295378;total;0.00;0.00;0.00;0;0;0.00;0.00;0.00;0;0;0.00;0.00;0;0
1553295379;lo;0.00;0.00;0.00;0;0;0.00;0.00;0.00;0;0;0.00;0.00;0;0
1553295379;total;0.00;0.00;0.00;0;0;0.00;0.00;0.00;0;0;0.00;0.00;0;0
1553295380;lo;176.00;176.00;352.00;176;176;2.00;2.00;4.00;2;2;0.00;0.00;0;0
1553295380;total;176.00;176.00;352.00;176;176;2.00;2.00;4.00;2;2;0.00;0.00;0;0
1553295381;lo;0.00;0.00;0.00;0;0;0.00;0.00;0.00;0;0;0.00;0.00;0;0
1553295381;total;0.00;0.00;0.00;0;0;0.00;0.00;0.00;0;0;0.00;0.00;0;0
1553295382;lo;0.00;0.00;0.00;0;0;0.00;0.00;0.00;0;0;0.00;0.00;0;0
1553295382;total;0.00;0.00;0.00;0;0;0.00;0.00;0.00;0;0;0.00;0.00;0;0
1553295383;lo;0.00;0.00;0.00;0;0;0.00;0.00;0.00;0;0;0.00;0.00;0;0
1553295383;total;0.00;0.00;0.00;0;0;0.00;0.00;0.00;0;0;0.00;0.00;0;0
1553295384;lo;264.00;264.00;528.00;264;264;3.00;3.00;6.00;3;3;0.00;0.00;0;0
1553295384;total;264.00;264.00;528.00;264;264;3.00;3.00;6.00;3;3;0.00;0.00;0;0
1553295385;lo;0.00;0.00;0.00;0;0;0.00;0.00;0.00;0;0;0.00;0.00;0;0
1553295385;total;0.00;0.00;0.00;0;0;0.00;0.00;0.00;0;0;0.00;0.00;0;0
1553295386;lo;0.00;0.00;0.00;0;0;0.00;0.00;0.00;0;0;0.00;0.00;0;0
1553295386;total;0.00;0.00;0.00;0;0;0.00;0.00;0.00;0;0;0.00;0.00;0;0
1553295387;lo;176.00;176.00;352.00;176;176;2.00;2.00;4.00;2;2;0.00;0.00;0;0
1553295387;total;176.00;176.00;352.00;176;176;2.00;2.00;4.00;2;2;0.00;0.00;0;0
1553295388;lo;0.00;0.00;0.00;0;0;0.00;0.00;0.00;0;0;0.00;0.00;0;0
1553295388;total;0.00;0.00;0.00;0;0;0.00;0.00;0.00;0;0;0.00;0.00;0;0
1553295389;lo;72.00;72.00;144.00;72;72;1.00;1.00;2.00;1;1;0.00;0.00;0;0
1553295389;total;72.00;72.00;144.00;72;72;1.00;1.00;2.00;1;1;0.00;0.00;0;0
1553295390;lo;2144.00;2144.00;4288.00;2144;2144;7.00;7.00;14.00;7;7;0.00;0.00;0;0
1553295390;total;2144.00;2144.00;4288.00;2144;2144;7.00;7.00;14.00;7;7;0.00;0.00;0;0
1553295391;lo;0.00;0.00;0.00;0;0;0.00;0.00;0.00;0;0;0.00;0.00;0;0
1553295391;total;0.00;0.00;0.00;0;0;0.00;0.00;0.00;0;0;0.00;0.00;0;0
1553295392;lo;0.00;0.00;0.00;0;0;0.00;0.00;0.00;0;0;0.00;0.00;0;0
1553295392;total;0.00;0.00;0.00;0;0;0.00;0.00;0.00;0;0;0.00;0.00;0;0
1553295393;lo;0.00;0.00;0.00;0;0;0.00;0.00;0.00;0;0;0.00;0.00;0;0
1553295393;total;0.00;0.00;0.00;0;0;0.00;0.00;0.00;0;0;0.00;0.00;0;0
1553295394;lo;0.00;0.00;0.00;0;0;0.00;0.00;0.00;0;0;0.00;0.00;0;0
1553295394;total;0.00;0.00;0.00;0;0;0.00;0.00;0.00;0;0;0.00;0.00;0;0
1553295395;lo;176.00;176.00;352.00;176;176;2.00;2.00;4.00;2;2;0.00;0.00;0;0
1553295395;total;176.00;176.00;352.00;176;176;2.00;2.00;4.00;2;2;0.00;0.00;0;0
1553295396;lo;0.00;0.00;0.00;0;0;0.00;0.00;0.00;0;0;0.00;0.00;0;0
1553295396;total;0.00;0.00;0.00;0;0;0.00;0.00;0.00;0;0;0.00;0.00;0;0
1553295397;lo;0.00;0.00;0.00;0;0;0.00;0.00;0.00;0;0;0.00;0.00;0;0
1553295397;total;0.00;0.00;0.00;0;0;0.00;0.00;0.00;0;0;0.00;0.00;0;0
1553295398;lo;0.00;0.00;0.00;0;0;0.00;0.00;0.00;0;0;0.00;0.00;0;0
1553295398;total;0.00;0.00;0.00;0;0;0.00;0.00;0.00;0;0;0.00;0.00;0;0
1553295399;lo;264.00;264.00;528.00;264;264;3.00;3.00;6.00;3;3;0.00;0.00;0;0
1553295399;total;264.00;264.00;528.00;264;264;3.00;3.00;6.00;3;3;0.00;0.00;0;0
1553295400;lo;0.00;0.00;0.00;0;0;0.00;0.00;0.00;0;0;0.00;0.00;0;0
1553295400;total;0.00;0.00;0.00;0;0;0.00;0.00;0.00;0;0;0.00;0.00;0;0
1553295401;lo;0.00;0.00;0.00;0;0;0.00;0.00;0.00;0;0;0.00;0.00;0;0
1553295401;total;0.00;0.00;0.00;0;0;0.00;0.00;0.00;0;0;0.00;0.00;0;0
1553295402;lo;176.00;176.00;352.00;176;176;2.00;2.00;4.00;2;2;0.00;0.00;0;0
1553295402;total;176.00;176.00;352.00;176;176;2.00;2.00;4.00;2;2;0.00;0.00;0;0
1553295403;lo;0.00;0.00;0.00;0;0;0.00;0.00;0.00;0;0;0.00;0.00;0;0
1553295403;total;0.00;0.00;0.00;0;0;0.00;0.00;0.00;0;0;0.00;0.00;0;0
1553295404;lo;0.00;0.00;0.00;0;0;0.00;0.00;0.00;0;0;0.00;0.00;0;0
1553295404;total;0.00;0.00;0.00;0;0;0.00;0.00;0.00;0;0;0.00;0.00;0;0
1553295405;lo;88.00;88.00;176.00;88;88;1.00;1.00;2.00;1;1;0.00;0.00;0;0
1553295405;total;88.00;88.00;176.00;88;88;1.00;1.00;2.00;1;1;0.00;0.00;0;0
1553295406;lo;0.00;0.00;0.00;0;0;0.00;0.00;0.00;0;0;0.00;0.00;0;0
1553295406;total;0.00;0.00;0.00;0;0;0.00;0.00;0.00;0;0;0.00;0.00;0;0
1553295407;lo;0.00;0.00;0.00;0;0;0.00;0.00;0.00;0;0;0.00;0.00;0;0
1553295407;total;0.00;0.00;0.00;0;0;0.00;0.00;0.00;0;0;0.00;0.00;0;0
1553295408;lo;0.00;0.00;0.00;0;0;0.00;0.00;0.00;0;0;0.00;0.00;0;0
1553295408;total;0.00;0.00;0.00;0;0;0.00;0.00;0.00;0;0;0.00;0.00;0;0
1553295409;lo;0.00;0.00;0.00;0;0;0.00;0.00;0.00;0;0;0.00;0.00;0;0
1553295409;total;0.00;0.00;0.00;0;0;0.00;0.00;0.00;0;0;0.00;0.00;0;0
1553295410;lo;516.00;516.00;1032.00;516;516;6.00;6.00;12.00;6;6;0.00;0.00;0;0
1553295410;total;516.00;516.00;1032.00;516;516;6.00;6.00;12.00;6;6;0.00;0.00;0;0
1553295411;lo;0.00;0.00;0.00;0;0;0.00;0.00;0.00;0;0;0.00;0.00;0;0
1553295411;total;0.00;0.00;0.00;0;0;0.00;0.00;0.00;0;0;0.00;0.00;0;0
1553295412;lo;0.00;0.00;0.00;0;0;0.00;0.00;0.00;0;0;0.00;0.00;0;0
1553295412;total;0.00;0.00;0.00;0;0;0.00;0.00;0.00;0;0;0.00;0.00;0;0
1553295413;lo;0.00;0.00;0.00;0;0;0.00;0.00;0.00;0;0;0.00;0.00;0;0
1553295413;total;0.00;0.00;0.00;0;0;0.00;0.00;0.00;0;0;0.00;0.00;0;0
1553295414;lo;264.00;264.00;528.00;264;264;3.00;3.00;6.00;3;3;0.00;0.00;0;0
1553295414;total;264.00;264.00;528.00;264;264;3.00;3.00;6.00;3;3;0.00;0.00;0;0
1553295415;lo;0.00;0.00;0.00;0;0;0.00;0.00;0.00;0;0;0.00;0.00;0;0
1553295415;total;0.00;0.00;0.00;0;0;0.00;0.00;0.00;0;0;0.00;0.00;0;0
1553295416;lo;0.00;0.00;0.00;0;0;0.00;0.00;0.00;0;0;0.00;0.00;0;0
1553295416;total;0.00;0.00;0.00;0;0;0.00;0.00;0.00;0;0;0.00;0.00;0;0
1553295417;lo;176.00;176.00;352.00;176;176;2.00;2.00;4.00;2;2;0.00;0.00;0;0
1553295417;total;176.00;176.00;352.00;176;176;2.00;2.00;4.00;2;2;0.00;0.00;0;0
1553295418;lo;169.00;169.00;338.00;169;169;2.00;2.00;4.00;2;2;0.00;0.00;0;0
1553295418;total;169.00;169.00;338.00;169;169;2.00;2.00;4.00;2;2;0.00;0.00;0;0
1553295419;lo;72.00;72.00;144.00;72;72;1.00;1.00;2.00;1;1;0.00;0.00;0;0
1553295419;total;72.00;72.00;144.00;72;72;1.00;1.00;2.00;1;1;0.00;0.00;0;0
1553295420;lo;88.00;88.00;176.00;88;88;1.00;1.00;2.00;1;1;0.00;0.00;0;0
1553295420;total;88.00;88.00;176.00;88;88;1.00;1.00;2.00;1;1;0.00;0.00;0;0
1553295421;lo;0.00;0.00;0.00;0;0;0.00;0.00;0.00;0;0;0.00;0.00;0;0
1553295421;total;0.00;0.00;0.00;0;0;0.00;0.00;0.00;0;0;0.00;0.00;0;0
1553295422;lo;0.00;0.00;0.00;0;0;0.00;0.00;0.00;0;0;0.00;0.00;0;0
1553295422;total;0.00;0.00;0.00;0;0;0.00;0.00;0.00;0;0;0.00;0.00;0;0
1553295423;lo;0.00;0.00;0.00;0;0;0.00;0.00;0.00;0;0;0.00;0.00;0;0
1553295423;total;0.00;0.00;0.00;0;0;0.00;0.00;0.00;0;0;0.00;0.00;0;0
1553295424;lo;0.00;0.00;0.00;0;0;0.00;0.00;0.00;0;0;0.00;0.00;0;0
1553295424;total;0.00;0.00;0.00;0;0;0.00;0.00;0.00;0;0;0.00;0.00;0;0
1553295425;lo;176.00;176.00;352.00;176;176;2.00;2.00;4.00;2;2;0.00;0.00;0;0
1553295425;total;176.00;176.00;352.00;176;176;2.00;2.00;4.00;2;2;0.00;0.00;0;0
1553295426;lo;0.00;0.00;0.00;0;0;0.00;0.00;0.00;0;0;0.00;0.00;0;0
1553295426;total;0.00;0.00;0.00;0;0;0.00;0.00;0.00;0;0;0.00;0.00;0;0
1553295427;lo;0.00;0.00;0.00;0;0;0.00;0.00;0.00;0;0;0.00;0.00;0;0
1553295427;total;0.00;0.00;0.00;0;0;0.00;0.00;0.00;0;0;0.00;0.00;0;0
1553295428;lo;1045.00;1045.00;2090.00;1045;1045;12.00;12.00;24.00;12;12;0.00;0.00;0;0
1553295428;total;1045.00;1045.00;2090.00;1045;1045;12.00;12.00;24.00;12;12;0.00;0.00;0;0
1553295429;lo;607.00;607.00;1214.00;607;607;7.00;7.00;14.00;7;7;0.00;0.00;0;0
1553295429;total;607.00;607.00;1214.00;607;607;7.00;7.00;14.00;7;7;0.00;0.00;0;0
1553295430;lo;263.00;263.00;526.00;263;263;4.00;4.00;8.00;4;4;0.00;0.00;0;0
1553295430;total;263.00;263.00;526.00;263;263;4.00;4.00;8.00;4;4;0.00;0.00;0;0
1553295431;lo;0.00;0.00;0.00;0;0;0.00;0.00;0.00;0;0;0.00;0.00;0;0
1553295431;total;0.00;0.00;0.00;0;0;0.00;0.00;0.00;0;0;0.00;0.00;0;0
1553295432;lo;176.00;176.00;352.00;176;176;2.00;2.00;4.00;2;2;0.00;0.00;0;0
1553295432;total;176.00;176.00;352.00;176;176;2.00;2.00;4.00;2;2;0.00;0.00;0;0
1553295433;lo;127.00;127.00;254.00;127;127;2.00;2.00;4.00;2;2;0.00;0.00;0;0
1553295433;total;127.00;127.00;254.00;127;127;2.00;2.00;4.00;2;2;0.00;0.00;0;0
1553295434;lo;873.00;873.00;1746.00;873;873;10.00;10.00;20.00;10;10;0.00;0.00;0;0
1553295434;total;873.00;873.00;1746.00;873;873;10.00;10.00;20.00;10;10;0.00;0.00;0;0
1553295435;lo;1363.00;1363.00;2726.00;1363;1363;17.00;17.00;34.00;17;17;0.00;0.00;0;0
1553295435;total;1363.00;1363.00;2726.00;1363;1363;17.00;17.00;34.00;17;17;0.00;0.00;0;0
1553295436;lo;0.00;0.00;0.00;0;0;0.00;0.00;0.00;0;0;0.00;0.00;0;0
1553295436;total;0.00;0.00;0.00;0;0;0.00;0.00;0.00;0;0;0.00;0.00;0;0
1553295437;lo;0.00;0.00;0.00;0;0;0.00;0.00;0.00;0;0;0.00;0.00;0;0
1553295437;total;0.00;0.00;0.00;0;0;0.00;0.00;0.00;0;0;0.00;0.00;0;0
1553295438;lo;170.00;170.00;340.00;170;170;2.00;2.00;4.00;2;2;0.00;0.00;0;0
1553295438;total;170.00;170.00;340.00;170;170;2.00;2.00;4.00;2;2;0.00;0.00;0;0
1553295439;lo;0.00;0.00;0.00;0;0;0.00;0.00;0.00;0;0;0.00;0.00;0;0
1553295439;total;0.00;0.00;0.00;0;0;0.00;0.00;0.00;0;0;0.00;0.00;0;0
1553295440;lo;373.00;373.00;746.00;373;373;4.00;4.00;8.00;4;4;0.00;0.00;0;0
1553295440;total;373.00;373.00;746.00;373;373;4.00;4.00;8.00;4;4;0.00;0.00;0;0
1553295441;lo;261.00;261.00;522.00;261;261;2.00;2.00;4.00;2;2;0.00;0.00;0;0
1553295441;total;261.00;261.00;522.00;261;261;2.00;2.00;4.00;2;2;0.00;0.00;0;0
1553295442;lo;474.00;474.00;948.00;474;474;4.00;4.00;8.00;4;4;0.00;0.00;0;0
1553295442;total;474.00;474.00;948.00;474;474;4.00;4.00;8.00;4;4;0.00;0.00;0;0
1553295443;lo;280.00;280.00;560.00;280;280;2.00;2.00;4.00;2;2;0.00;0.00;0;0
1553295443;total;280.00;280.00;560.00;280;280;2.00;2.00;4.00;2;2;0.00;0.00;0;0
1553295444;lo;264.00;264.00;528.00;264;264;3.00;3.00;6.00;3;3;0.00;0.00;0;0
1553295444;total;264.00;264.00;528.00;264;264;3.00;3.00;6.00;3;3;0.00;0.00;0;0
1553295445;lo;0.00;0.00;0.00;0;0;0.00;0.00;0.00;0;0;0.00;0.00;0;0
1553295445;total;0.00;0.00;0.00;0;0;0.00;0.00;0.00;0;0;0.00;0.00;0;0
1553295446;lo;0.00;0.00;0.00;0;0;0.00;0.00;0.00;0;0;0.00;0.00;0;0
1553295446;total;0.00;0.00;0.00;0;0;0.00;0.00;0.00;0;0;0.00;0.00;0;0
1553295447;lo;236.00;236.00;472.00;236;236;3.00;3.00;6.00;3;3;0.00;0.00;0;0
1553295447;total;236.00;236.00;472.00;236;236;3.00;3.00;6.00;3;3;0.00;0.00;0;0
1553295448;lo;332.00;332.00;664.00;332;332;3.00;3.00;6.00;3;3;0.00;0.00;0;0
1553295448;total;332.00;332.00;664.00;332;332;3.00;3.00;6.00;3;3;0.00;0.00;0;0
1553295449;lo;72.00;72.00;144.00;72;72;1.00;1.00;2.00;1;1;0.00;0.00;0;0
1553295449;total;72.00;72.00;144.00;72;72;1.00;1.00;2.00;1;1;0.00;0.00;0;0
1553295450;lo;2144.00;2144.00;4288.00;2144;2144;7.00;7.00;14.00;7;7;0.00;0.00;0;0
1553295450;total;2144.00;2144.00;4288.00;2144;2144;7.00;7.00;14.00;7;7;0.00;0.00;0;0
1553295451;lo;0.00;0.00;0.00;0;0;0.00;0.00;0.00;0;0;0.00;0.00;0;0
1553295451;total;0.00;0.00;0.00;0;0;0.00;0.00;0.00;0;0;0.00;0.00;0;0
1553295452;lo;158.00;158.00;316.00;158;158;2.00;2.00;4.00;2;2;0.00;0.00;0;0
1553295452;total;158.00;158.00;316.00;158;158;2.00;2.00;4.00;2;2;0.00;0.00;0;0
1553295453;lo;0.00;0.00;0.00;0;0;0.00;0.00;0.00;0;0;0.00;0.00;0;0
1553295453;total;0.00;0.00;0.00;0;0;0.00;0.00;0.00;0;0;0.00;0.00;0;0
1553295454;lo;0.00;0.00;0.00;0;0;0.00;0.00;0.00;0;0;0.00;0.00;0;0
1553295454;total;0.00;0.00;0.00;0;0;0.00;0.00;0.00;0;0;0.00;0.00;0;0
1553295455;lo;176.00;176.00;352.00;176;176;2.00;2.00;4.00;2;2;0.00;0.00;0;0
1553295455;total;176.00;176.00;352.00;176;176;2.00;2.00;4.00;2;2;0.00;0.00;0;0
1553295456;lo;0.00;0.00;0.00;0;0;0.00;0.00;0.00;0;0;0.00;0.00;0;0
1553295456;total;0.00;0.00;0.00;0;0;0.00;0.00;0.00;0;0;0.00;0.00;0;0
1553295457;lo;0.00;0.00;0.00;0;0;0.00;0.00;0.00;0;0;0.00;0.00;0;0
1553295457;total;0.00;0.00;0.00;0;0;0.00;0.00;0.00;0;0;0.00;0.00;0;0
1553295458;lo;0.00;0.00;0.00;0;0;0.00;0.00;0.00;0;0;0.00;0.00;0;0
1553295458;total;0.00;0.00;0.00;0;0;0.00;0.00;0.00;0;0;0.00;0.00;0;0
1553295459;lo;493.00;493.00;986.00;493;493;5.00;5.00;10.00;5;5;0.00;0.00;0;0
1553295459;total;493.00;493.00;986.00;493;493;5.00;5.00;10.00;5;5;0.00;0.00;0;0
1553295460;lo;55.00;55.00;110.00;55;55;1.00;1.00;2.00;1;1;0.00;0.00;0;0
1553295460;total;55.00;55.00;110.00;55;55;1.00;1.00;2.00;1;1;0.00;0.00;0;0
1553295461;lo;71.00;71.00;142.00;71;71;1.00;1.00;2.00;1;1;0.00;0.00;0;0
1553295461;total;71.00;71.00;142.00;71;71;1.00;1.00;2.00;1;1;0.00;0.00;0;0
1553295462;lo;176.00;176.00;352.00;176;176;2.00;2.00;4.00;2;2;0.00;0.00;0;0
1553295462;total;176.00;176.00;352.00;176;176;2.00;2.00;4.00;2;2;0.00;0.00;0;0
1553295463;lo;0.00;0.00;0.00;0;0;0.00;0.00;0.00;0;0;0.00;0.00;0;0
1553295463;total;0.00;0.00;0.00;0;0;0.00;0.00;0.00;0;0;0.00;0.00;0;0
1553295464;lo;0.00;0.00;0.00;0;0;0.00;0.00;0.00;0;0;0.00;0.00;0;0
1553295464;total;0.00;0.00;0.00;0;0;0.00;0.00;0.00;0;0;0.00;0.00;0;0
1553295465;lo;88.00;88.00;176.00;88;88;1.00;1.00;2.00;1;1;0.00;0.00;0;0
1553295465;total;88.00;88.00;176.00;88;88;1.00;1.00;2.00;1;1;0.00;0.00;0;0
1553295466;lo;0.00;0.00;0.00;0;0;0.00;0.00;0.00;0;0;0.00;0.00;0;0
1553295466;total;0.00;0.00;0.00;0;0;0.00;0.00;0.00;0;0;0.00;0.00;0;0
1553295467;lo;0.00;0.00;0.00;0;0;0.00;0.00;0.00;0;0;0.00;0.00;0;0
1553295467;total;0.00;0.00;0.00;0;0;0.00;0.00;0.00;0;0;0.00;0.00;0;0
1553295468;lo;0.00;0.00;0.00;0;0;0.00;0.00;0.00;0;0;0.00;0.00;0;0
1553295468;total;0.00;0.00;0.00;0;0;0.00;0.00;0.00;0;0;0.00;0.00;0;0
1553295469;lo;0.00;0.00;0.00;0;0;0.00;0.00;0.00;0;0;0.00;0.00;0;0
1553295469;total;0.00;0.00;0.00;0;0;0.00;0.00;0.00;0;0;0.00;0.00;0;0
1553295470;lo;516.00;516.00;1032.00;516;516;6.00;6.00;12.00;6;6;0.00;0.00;0;0
1553295470;total;516.00;516.00;1032.00;516;516;6.00;6.00;12.00;6;6;0.00;0.00;0;0
1553295471;lo;0.00;0.00;0.00;0;0;0.00;0.00;0.00;0;0;0.00;0.00;0;0
1553295471;total;0.00;0.00;0.00;0;0;0.00;0.00;0.00;0;0;0.00;0.00;0;0
1553295472;lo;0.00;0.00;0.00;0;0;0.00;0.00;0.00;0;0;0.00;0.00;0;0
1553295472;total;0.00;0.00;0.00;0;0;0.00;0.00;0.00;0;0;0.00;0.00;0;0
1553295473;lo;0.00;0.00;0.00;0;0;0.00;0.00;0.00;0;0;0.00;0.00;0;0
1553295473;total;0.00;0.00;0.00;0;0;0.00;0.00;0.00;0;0;0.00;0.00;0;0
1553295474;lo;264.00;264.00;528.00;264;264;3.00;3.00;6.00;3;3;0.00;0.00;0;0
1553295474;total;264.00;264.00;528.00;264;264;3.00;3.00;6.00;3;3;0.00;0.00;0;0
1553295475;lo;0.00;0.00;0.00;0;0;0.00;0.00;0.00;0;0;0.00;0.00;0;0
1553295475;total;0.00;0.00;0.00;0;0;0.00;0.00;0.00;0;0;0.00;0.00;0;0
1553295476;lo;0.00;0.00;0.00;0;0;0.00;0.00;0.00;0;0;0.00;0.00;0;0
1553295476;total;0.00;0.00;0.00;0;0;0.00;0.00;0.00;0;0;0.00;0.00;0;0
1553295477;lo;176.00;176.00;352.00;176;176;2.00;2.00;4.00;2;2;0.00;0.00;0;0
1553295477;total;176.00;176.00;352.00;176;176;2.00;2.00;4.00;2;2;0.00;0.00;0;0
1553295478;lo;0.00;0.00;0.00;0;0;0.00;0.00;0.00;0;0;0.00;0.00;0;0
1553295478;total;0.00;0.00;0.00;0;0;0.00;0.00;0.00;0;0;0.00;0.00;0;0
1553295479;lo;72.00;72.00;144.00;72;72;1.00;1.00;2.00;1;1;0.00;0.00;0;0
1553295479;total;72.00;72.00;144.00;72;72;1.00;1.00;2.00;1;1;0.00;0.00;0;0
1553295480;lo;88.00;88.00;176.00;88;88;1.00;1.00;2.00;1;1;0.00;0.00;0;0
1553295480;total;88.00;88.00;176.00;88;88;1.00;1.00;2.00;1;1;0.00;0.00;0;0
1553295481;lo;0.00;0.00;0.00;0;0;0.00;0.00;0.00;0;0;0.00;0.00;0;0
1553295481;total;0.00;0.00;0.00;0;0;0.00;0.00;0.00;0;0;0.00;0.00;0;0
1553295482;lo;0.00;0.00;0.00;0;0;0.00;0.00;0.00;0;0;0.00;0.00;0;0
1553295482;total;0.00;0.00;0.00;0;0;0.00;0.00;0.00;0;0;0.00;0.00;0;0
1553295483;lo;0.00;0.00;0.00;0;0;0.00;0.00;0.00;0;0;0.00;0.00;0;0
1553295483;total;0.00;0.00;0.00;0;0;0.00;0.00;0.00;0;0;0.00;0.00;0;0
1553295484;lo;0.00;0.00;0.00;0;0;0.00;0.00;0.00;0;0;0.00;0.00;0;0
1553295484;total;0.00;0.00;0.00;0;0;0.00;0.00;0.00;0;0;0.00;0.00;0;0
1553295485;lo;176.00;176.00;352.00;176;176;2.00;2.00;4.00;2;2;0.00;0.00;0;0
1553295485;total;176.00;176.00;352.00;176;176;2.00;2.00;4.00;2;2;0.00;0.00;0;0
1553295486;lo;0.00;0.00;0.00;0;0;0.00;0.00;0.00;0;0;0.00;0.00;0;0
1553295486;total;0.00;0.00;0.00;0;0;0.00;0.00;0.00;0;0;0.00;0.00;0;0
1553295487;lo;0.00;0.00;0.00;0;0;0.00;0.00;0.00;0;0;0.00;0.00;0;0
1553295487;total;0.00;0.00;0.00;0;0;0.00;0.00;0.00;0;0;0.00;0.00;0;0
1553295488;lo;0.00;0.00;0.00;0;0;0.00;0.00;0.00;0;0;0.00;0.00;0;0
1553295488;total;0.00;0.00;0.00;0;0;0.00;0.00;0.00;0;0;0.00;0.00;0;0
1553295489;lo;264.00;264.00;528.00;264;264;3.00;3.00;6.00;3;3;0.00;0.00;0;0
1553295489;total;264.00;264.00;528.00;264;264;3.00;3.00;6.00;3;3;0.00;0.00;0;0
1553295490;lo;0.00;0.00;0.00;0;0;0.00;0.00;0.00;0;0;0.00;0.00;0;0
1553295490;total;0.00;0.00;0.00;0;0;0.00;0.00;0.00;0;0;0.00;0.00;0;0
1553295491;lo;0.00;0.00;0.00;0;0;0.00;0.00;0.00;0;0;0.00;0.00;0;0
1553295491;total;0.00;0.00;0.00;0;0;0.00;0.00;0.00;0;0;0.00;0.00;0;0
1553295492;lo;341.00;341.00;682.00;341;341;4.00;4.00;8.00;4;4;0.00;0.00;0;0
1553295492;total;341.00;341.00;682.00;341;341;4.00;4.00;8.00;4;4;0.00;0.00;0;0
1553295493;lo;136.00;136.00;272.00;136;136;2.00;2.00;4.00;2;2;0.00;0.00;0;0
1553295493;total;136.00;136.00;272.00;136;136;2.00;2.00;4.00;2;2;0.00;0.00;0;0
1553295494;lo;0.00;0.00;0.00;0;0;0.00;0.00;0.00;0;0;0.00;0.00;0;0
1553295494;total;0.00;0.00;0.00;0;0;0.00;0.00;0.00;0;0;0.00;0.00;0;0
1553295495;lo;88.00;88.00;176.00;88;88;1.00;1.00;2.00;1;1;0.00;0.00;0;0
1553295495;total;88.00;88.00;176.00;88;88;1.00;1.00;2.00;1;1;0.00;0.00;0;0
1553295496;lo;0.00;0.00;0.00;0;0;0.00;0.00;0.00;0;0;0.00;0.00;0;0
1553295496;total;0.00;0.00;0.00;0;0;0.00;0.00;0.00;0;0;0.00;0.00;0;0
1553295497;lo;0.00;0.00;0.00;0;0;0.00;0.00;0.00;0;0;0.00;0.00;0;0
1553295497;total;0.00;0.00;0.00;0;0;0.00;0.00;0.00;0;0;0.00;0.00;0;0
1553295498;lo;0.00;0.00;0.00;0;0;0.00;0.00;0.00;0;0;0.00;0.00;0;0
1553295498;total;0.00;0.00;0.00;0;0;0.00;0.00;0.00;0;0;0.00;0.00;0;0
1553295499;lo;0.00;0.00;0.00;0;0;0.00;0.00;0.00;0;0;0.00;0.00;0;0
1553295499;total;0.00;0.00;0.00;0;0;0.00;0.00;0.00;0;0;0.00;0.00;0;0
1553295500;lo;176.00;176.00;352.00;176;176;2.00;2.00;4.00;2;2;0.00;0.00;0;0
1553295500;total;176.00;176.00;352.00;176;176;2.00;2.00;4.00;2;2;0.00;0.00;0;0
1553295501;lo;260.00;260.00;520.00;260;260;3.00;3.00;6.00;3;3;0.00;0.00;0;0
1553295501;total;260.00;260.00;520.00;260;260;3.00;3.00;6.00;3;3;0.00;0.00;0;0
1553295502;lo;132.00;132.00;264.00;132;132;1.00;1.00;2.00;1;1;0.00;0.00;0;0
1553295502;total;132.00;132.00;264.00;132;132;1.00;1.00;2.00;1;1;0.00;0.00;0;0
1553295503;lo;324.00;324.00;648.00;324;324;4.00;4.00;8.00;4;4;0.00;0.00;0;0
1553295503;total;324.00;324.00;648.00;324;324;4.00;4.00;8.00;4;4;0.00;0.00;0;0
1553295504;lo;200.00;200.00;400.00;200;200;2.00;2.00;4.00;2;2;0.00;0.00;0;0
1553295504;total;200.00;200.00;400.00;200;200;2.00;2.00;4.00;2;2;0.00;0.00;0;0
1553295505;lo;132.00;132.00;264.00;132;132;1.00;1.00;2.00;1;1;0.00;0.00;0;0
1553295505;total;132.00;132.00;264.00;132;132;1.00;1.00;2.00;1;1;0.00;0.00;0;0
1553295506;lo;0.00;0.00;0.00;0;0;0.00;0.00;0.00;0;0;0.00;0.00;0;0
1553295506;total;0.00;0.00;0.00;0;0;0.00;0.00;0.00;0;0;0.00;0.00;0;0
1553295507;lo;176.00;176.00;352.00;176;176;2.00;2.00;4.00;2;2;0.00;0.00;0;0
1553295507;total;176.00;176.00;352.00;176;176;2.00;2.00;4.00;2;2;0.00;0.00;0;0
1553295508;lo;0.00;0.00;0.00;0;0;0.00;0.00;0.00;0;0;0.00;0.00;0;0
1553295508;total;0.00;0.00;0.00;0;0;0.00;0.00;0.00;0;0;0.00;0.00;0;0
1553295509;lo;72.00;72.00;144.00;72;72;1.00;1.00;2.00;1;1;0.00;0.00;0;0
1553295509;total;72.00;72.00;144.00;72;72;1.00;1.00;2.00;1;1;0.00;0.00;0;0
1553295510;lo;2144.00;2144.00;4288.00;2144;2144;7.00;7.00;14.00;7;7;0.00;0.00;0;0
1553295510;total;2144.00;2144.00;4288.00;2144;2144;7.00;7.00;14.00;7;7;0.00;0.00;0;0
1553295511;lo;0.00;0.00;0.00;0;0;0.00;0.00;0.00;0;0;0.00;0.00;0;0
1553295511;total;0.00;0.00;0.00;0;0;0.00;0.00;0.00;0;0;0.00;0.00;0;0
1553295512;lo;0.00;0.00;0.00;0;0;0.00;0.00;0.00;0;0;0.00;0.00;0;0
1553295512;total;0.00;0.00;0.00;0;0;0.00;0.00;0.00;0;0;0.00;0.00;0;0
1553295513;lo;0.00;0.00;0.00;0;0;0.00;0.00;0.00;0;0;0.00;0.00;0;0
1553295513;total;0.00;0.00;0.00;0;0;0.00;0.00;0.00;0;0;0.00;0.00;0;0
1553295514;lo;0.00;0.00;0.00;0;0;0.00;0.00;0.00;0;0;0.00;0.00;0;0
1553295514;total;0.00;0.00;0.00;0;0;0.00;0.00;0.00;0;0;0.00;0.00;0;0
1553295515;lo;176.00;176.00;352.00;176;176;2.00;2.00;4.00;2;2;0.00;0.00;0;0
1553295515;total;176.00;176.00;352.00;176;176;2.00;2.00;4.00;2;2;0.00;0.00;0;0
1553295516;lo;0.00;0.00;0.00;0;0;0.00;0.00;0.00;0;0;0.00;0.00;0;0
1553295516;total;0.00;0.00;0.00;0;0;0.00;0.00;0.00;0;0;0.00;0.00;0;0
1553295517;lo;0.00;0.00;0.00;0;0;0.00;0.00;0.00;0;0;0.00;0.00;0;0
1553295517;total;0.00;0.00;0.00;0;0;0.00;0.00;0.00;0;0;0.00;0.00;0;0
1553295518;lo;0.00;0.00;0.00;0;0;0.00;0.00;0.00;0;0;0.00;0.00;0;0
1553295518;total;0.00;0.00;0.00;0;0;0.00;0.00;0.00;0;0;0.00;0.00;0;0
1553295519;lo;264.00;264.00;528.00;264;264;3.00;3.00;6.00;3;3;0.00;0.00;0;0
1553295519;total;264.00;264.00;528.00;264;264;3.00;3.00;6.00;3;3;0.00;0.00;0;0
1553295520;lo;0.00;0.00;0.00;0;0;0.00;0.00;0.00;0;0;0.00;0.00;0;0
1553295520;total;0.00;0.00;0.00;0;0;0.00;0.00;0.00;0;0;0.00;0.00;0;0
1553295521;lo;0.00;0.00;0.00;0;0;0.00;0.00;0.00;0;0;0.00;0.00;0;0
1553295521;total;0.00;0.00;0.00;0;0;0.00;0.00;0.00;0;0;0.00;0.00;0;0
1553295522;lo;176.00;176.00;352.00;176;176;2.00;2.00;4.00;2;2;0.00;0.00;0;0
1553295522;total;176.00;176.00;352.00;176;176;2.00;2.00;4.00;2;2;0.00;0.00;0;0
1553295523;lo;0.00;0.00;0.00;0;0;0.00;0.00;0.00;0;0;0.00;0.00;0;0
1553295523;total;0.00;0.00;0.00;0;0;0.00;0.00;0.00;0;0;0.00;0.00;0;0
1553295524;lo;0.00;0.00;0.00;0;0;0.00;0.00;0.00;0;0;0.00;0.00;0;0
1553295524;total;0.00;0.00;0.00;0;0;0.00;0.00;0.00;0;0;0.00;0.00;0;0
1553295525;lo;88.00;88.00;176.00;88;88;1.00;1.00;2.00;1;1;0.00;0.00;0;0
1553295525;total;88.00;88.00;176.00;88;88;1.00;1.00;2.00;1;1;0.00;0.00;0;0
1553295526;lo;0.00;0.00;0.00;0;0;0.00;0.00;0.00;0;0;0.00;0.00;0;0
1553295526;total;0.00;0.00;0.00;0;0;0.00;0.00;0.00;0;0;0.00;0.00;0;0
1553295527;lo;0.00;0.00;0.00;0;0;0.00;0.00;0.00;0;0;0.00;0.00;0;0
1553295527;total;0.00;0.00;0.00;0;0;0.00;0.00;0.00;0;0;0.00;0.00;0;0
1553295528;lo;0.00;0.00;0.00;0;0;0.00;0.00;0.00;0;0;0.00;0.00;0;0
1553295528;total;0.00;0.00;0.00;0;0;0.00;0.00;0.00;0;0;0.00;0.00;0;0
1553295529;lo;340.00;340.00;680.00;340;340;4.00;4.00;8.00;4;4;0.00;0.00;0;0
1553295529;total;340.00;340.00;680.00;340;340;4.00;4.00;8.00;4;4;0.00;0.00;0;0
1553295530;lo;176.00;176.00;352.00;176;176;2.00;2.00;4.00;2;2;0.00;0.00;0;0
1553295530;total;176.00;176.00;352.00;176;176;2.00;2.00;4.00;2;2;0.00;0.00;0;0
1553295531;lo;0.00;0.00;0.00;0;0;0.00;0.00;0.00;0;0;0.00;0.00;0;0
1553295531;total;0.00;0.00;0.00;0;0;0.00;0.00;0.00;0;0;0.00;0.00;0;0
1553295532;lo;0.00;0.00;0.00;0;0;0.00;0.00;0.00;0;0;0.00;0.00;0;0
1553295532;total;0.00;0.00;0.00;0;0;0.00;0.00;0.00;0;0;0.00;0.00;0;0
1553295533;lo;0.00;0.00;0.00;0;0;0.00;0.00;0.00;0;0;0.00;0.00;0;0
1553295533;total;0.00;0.00;0.00;0;0;0.00;0.00;0.00;0;0;0.00;0.00;0;0
1553295534;lo;264.00;264.00;528.00;264;264;3.00;3.00;6.00;3;3;0.00;0.00;0;0
1553295534;total;264.00;264.00;528.00;264;264;3.00;3.00;6.00;3;3;0.00;0.00;0;0
1553295535;lo;0.00;0.00;0.00;0;0;0.00;0.00;0.00;0;0;0.00;0.00;0;0
1553295535;total;0.00;0.00;0.00;0;0;0.00;0.00;0.00;0;0;0.00;0.00;0;0
1553295536;lo;0.00;0.00;0.00;0;0;0.00;0.00;0.00;0;0;0.00;0.00;0;0
1553295536;total;0.00;0.00;0.00;0;0;0.00;0.00;0.00;0;0;0.00;0.00;0;0
1553295537;lo;662.00;662.00;1324.00;662;662;6.00;6.00;12.00;6;6;0.00;0.00;0;0
1553295537;total;662.00;662.00;1324.00;662;662;6.00;6.00;12.00;6;6;0.00;0.00;0;0
1553295538;lo;0.00;0.00;0.00;0;0;0.00;0.00;0.00;0;0;0.00;0.00;0;0
1553295538;total;0.00;0.00;0.00;0;0;0.00;0.00;0.00;0;0;0.00;0.00;0;0
1553295539;lo;72.00;72.00;144.00;72;72;1.00;1.00;2.00;1;1;0.00;0.00;0;0
1553295539;total;72.00;72.00;144.00;72;72;1.00;1.00;2.00;1;1;0.00;0.00;0;0
1553295540;lo;88.00;88.00;176.00;88;88;1.00;1.00;2.00;1;1;0.00;0.00;0;0
1553295540;total;88.00;88.00;176.00;88;88;1.00;1.00;2.00;1;1;0.00;0.00;0;0
1553295541;lo;0.00;0.00;0.00;0;0;0.00;0.00;0.00;0;0;0.00;0.00;0;0
1553295541;total;0.00;0.00;0.00;0;0;0.00;0.00;0.00;0;0;0.00;0.00;0;0
1553295542;lo;0.00;0.00;0.00;0;0;0.00;0.00;0.00;0;0;0.00;0.00;0;0
1553295542;total;0.00;0.00;0.00;0;0;0.00;0.00;0.00;0;0;0.00;0.00;0;0
1553295543;lo;0.00;0.00;0.00;0;0;0.00;0.00;0.00;0;0;0.00;0.00;0;0
1553295543;total;0.00;0.00;0.00;0;0;0.00;0.00;0.00;0;0;0.00;0.00;0;0
1553295544;lo;0.00;0.00;0.00;0;0;0.00;0.00;0.00;0;0;0.00;0.00;0;0
1553295544;total;0.00;0.00;0.00;0;0;0.00;0.00;0.00;0;0;0.00;0.00;0;0
1553295545;lo;516.00;516.00;1032.00;516;516;6.00;6.00;12.00;6;6;0.00;0.00;0;0
1553295545;total;516.00;516.00;1032.00;516;516;6.00;6.00;12.00;6;6;0.00;0.00;0;0
1553295546;lo;0.00;0.00;0.00;0;0;0.00;0.00;0.00;0;0;0.00;0.00;0;0
1553295546;total;0.00;0.00;0.00;0;0;0.00;0.00;0.00;0;0;0.00;0.00;0;0
1553295547;lo;0.00;0.00;0.00;0;0;0.00;0.00;0.00;0;0;0.00;0.00;0;0
1553295547;total;0.00;0.00;0.00;0;0;0.00;0.00;0.00;0;0;0.00;0.00;0;0
1553295548;lo;0.00;0.00;0.00;0;0;0.00;0.00;0.00;0;0;0.00;0.00;0;0
1553295548;total;0.00;0.00;0.00;0;0;0.00;0.00;0.00;0;0;0.00;0.00;0;0
1553295549;lo;264.00;264.00;528.00;264;264;3.00;3.00;6.00;3;3;0.00;0.00;0;0
1553295549;total;264.00;264.00;528.00;264;264;3.00;3.00;6.00;3;3;0.00;0.00;0;0
1553295550;lo;0.00;0.00;0.00;0;0;0.00;0.00;0.00;0;0;0.00;0.00;0;0
1553295550;total;0.00;0.00;0.00;0;0;0.00;0.00;0.00;0;0;0.00;0.00;0;0
1553295551;lo;0.00;0.00;0.00;0;0;0.00;0.00;0.00;0;0;0.00;0.00;0;0
1553295551;total;0.00;0.00;0.00;0;0;0.00;0.00;0.00;0;0;0.00;0.00;0;0
1553295552;lo;176.00;176.00;352.00;176;176;2.00;2.00;4.00;2;2;0.00;0.00;0;0
1553295552;total;176.00;176.00;352.00;176;176;2.00;2.00;4.00;2;2;0.00;0.00;0;0
1553295553;lo;0.00;0.00;0.00;0;0;0.00;0.00;0.00;0;0;0.00;0.00;0;0
1553295553;total;0.00;0.00;0.00;0;0;0.00;0.00;0.00;0;0;0.00;0.00;0;0
1553295554;lo;0.00;0.00;0.00;0;0;0.00;0.00;0.00;0;0;0.00;0.00;0;0
1553295554;total;0.00;0.00;0.00;0;0;0.00;0.00;0.00;0;0;0.00;0.00;0;0
1553295555;lo;88.00;88.00;176.00;88;88;1.00;1.00;2.00;1;1;0.00;0.00;0;0
1553295555;total;88.00;88.00;176.00;88;88;1.00;1.00;2.00;1;1;0.00;0.00;0;0
1553295556;lo;0.00;0.00;0.00;0;0;0.00;0.00;0.00;0;0;0.00;0.00;0;0
1553295556;total;0.00;0.00;0.00;0;0;0.00;0.00;0.00;0;0;0.00;0.00;0;0
1553295557;lo;0.00;0.00;0.00;0;0;0.00;0.00;0.00;0;0;0.00;0.00;0;0
1553295557;total;0.00;0.00;0.00;0;0;0.00;0.00;0.00;0;0;0.00;0.00;0;0
1553295558;lo;0.00;0.00;0.00;0;0;0.00;0.00;0.00;0;0;0.00;0.00;0;0
1553295558;total;0.00;0.00;0.00;0;0;0.00;0.00;0.00;0;0;0.00;0.00;0;0
1553295559;lo;0.00;0.00;0.00;0;0;0.00;0.00;0.00;0;0;0.00;0.00;0;0
1553295559;total;0.00;0.00;0.00;0;0;0.00;0.00;0.00;0;0;0.00;0.00;0;0
1553295560;lo;176.00;176.00;352.00;176;176;2.00;2.00;4.00;2;2;0.00;0.00;0;0
1553295560;total;176.00;176.00;352.00;176;176;2.00;2.00;4.00;2;2;0.00;0.00;0;0
1553295561;lo;0.00;0.00;0.00;0;0;0.00;0.00;0.00;0;0;0.00;0.00;0;0
1553295561;total;0.00;0.00;0.00;0;0;0.00;0.00;0.00;0;0;0.00;0.00;0;0
1553295562;lo;0.00;0.00;0.00;0;0;0.00;0.00;0.00;0;0;0.00;0.00;0;0
1553295562;total;0.00;0.00;0.00;0;0;0.00;0.00;0.00;0;0;0.00;0.00;0;0
1553295563;lo;264.00;264.00;528.00;264;264;3.00;3.00;6.00;3;3;0.00;0.00;0;0
1553295563;total;264.00;264.00;528.00;264;264;3.00;3.00;6.00;3;3;0.00;0.00;0;0
1553295564;lo;0.00;0.00;0.00;0;0;0.00;0.00;0.00;0;0;0.00;0.00;0;0
1553295564;total;0.00;0.00;0.00;0;0;0.00;0.00;0.00;0;0;0.00;0.00;0;0
1553295565;lo;116.00;116.00;232.00;116;116;1.00;1.00;2.00;1;1;0.00;0.00;0;0
1553295565;total;116.00;116.00;232.00;116;116;1.00;1.00;2.00;1;1;0.00;0.00;0;0
1553295566;lo;0.00;0.00;0.00;0;0;0.00;0.00;0.00;0;0;0.00;0.00;0;0
1553295566;total;0.00;0.00;0.00;0;0;0.00;0.00;0.00;0;0;0.00;0.00;0;0
1553295567;lo;176.00;176.00;352.00;176;176;2.00;2.00;4.00;2;2;0.00;0.00;0;0
1553295567;total;176.00;176.00;352.00;176;176;2.00;2.00;4.00;2;2;0.00;0.00;0;0
1553295568;lo;0.00;0.00;0.00;0;0;0.00;0.00;0.00;0;0;0.00;0.00;0;0
1553295568;total;0.00;0.00;0.00;0;0;0.00;0.00;0.00;0;0;0.00;0.00;0;0
1553295569;lo;72.00;72.00;144.00;72;72;1.00;1.00;2.00;1;1;0.00;0.00;0;0
1553295569;total;72.00;72.00;144.00;72;72;1.00;1.00;2.00;1;1;0.00;0.00;0;0
1553295570;lo;2144.00;2144.00;4288.00;2144;2144;7.00;7.00;14.00;7;7;0.00;0.00;0;0
1553295570;total;2144.00;2144.00;4288.00;2144;2144;7.00;7.00;14.00;7;7;0.00;0.00;0;0
1553295571;lo;0.00;0.00;0.00;0;0;0.00;0.00;0.00;0;0;0.00;0.00;0;0
1553295571;total;0.00;0.00;0.00;0;0;0.00;0.00;0.00;0;0;0.00;0.00;0;0
1553295572;lo;348.00;348.00;696.00;348;348;4.00;4.00;8.00;4;4;0.00;0.00;0;0
1553295572;total;348.00;348.00;696.00;348;348;4.00;4.00;8.00;4;4;0.00;0.00;0;0
1553295573;lo;0.00;0.00;0.00;0;0;0.00;0.00;0.00;0;0;0.00;0.00;0;0
1553295573;total;0.00;0.00;0.00;0;0;0.00;0.00;0.00;0;0;0.00;0.00;0;0
1553295574;lo;435.00;435.00;870.00;435;435;4.00;4.00;8.00;4;4;0.00;0.00;0;0
1553295574;total;435.00;435.00;870.00;435;435;4.00;4.00;8.00;4;4;0.00;0.00;0;0
1553295575;lo;748.00;748.00;1496.00;748;748;8.00;8.00;16.00;8;8;0.00;0.00;0;0
1553295575;total;748.00;748.00;1496.00;748;748;8.00;8.00;16.00;8;8;0.00;0.00;0;0
1553295576;lo;844.00;844.00;1688.00;844;844;8.00;8.00;16.00;8;8;0.00;0.00;0;0
1553295576;total;844.00;844.00;1688.00;844;844;8.00;8.00;16.00;8;8;0.00;0.00;0;0
1553295577;lo;431.00;431.00;862.00;431;431;4.00;4.00;8.00;4;4;0.00;0.00;0;0
1553295577;total;431.00;431.00;862.00;431;431;4.00;4.00;8.00;4;4;0.00;0.00;0;0
1553295578;lo;964.00;964.00;1928.00;964;964;9.00;9.00;18.00;9;9;0.00;0.00;0;0
1553295578;total;964.00;964.00;1928.00;964;964;9.00;9.00;18.00;9;9;0.00;0.00;0;0
1553295579;lo;408.00;408.00;816.00;408;408;4.00;4.00;8.00;4;4;0.00;0.00;0;0
1553295579;total;408.00;408.00;816.00;408;408;4.00;4.00;8.00;4;4;0.00;0.00;0;0
1553295580;lo;435.00;435.00;870.00;435;435;4.00;4.00;8.00;4;4;0.00;0.00;0;0
1553295580;total;435.00;435.00;870.00;435;435;4.00;4.00;8.00;4;4;0.00;0.00;0;0
1553295581;lo;0.00;0.00;0.00;0;0;0.00;0.00;0.00;0;0;0.00;0.00;0;0
1553295581;total;0.00;0.00;0.00;0;0;0.00;0.00;0.00;0;0;0.00;0.00;0;0
1553295582;lo;176.00;176.00;352.00;176;176;2.00;2.00;4.00;2;2;0.00;0.00;0;0
1553295582;total;176.00;176.00;352.00;176;176;2.00;2.00;4.00;2;2;0.00;0.00;0;0
1553295583;lo;370.00;370.00;740.00;370;370;4.00;4.00;8.00;4;4;0.00;0.00;0;0
1553295583;total;370.00;370.00;740.00;370;370;4.00;4.00;8.00;4;4;0.00;0.00;0;0
1553295584;lo;0.00;0.00;0.00;0;0;0.00;0.00;0.00;0;0;0.00;0.00;0;0
1553295584;total;0.00;0.00;0.00;0;0;0.00;0.00;0.00;0;0;0.00;0.00;0;0
1553295585;lo;88.00;88.00;176.00;88;88;1.00;1.00;2.00;1;1;0.00;0.00;0;0
1553295585;total;88.00;88.00;176.00;88;88;1.00;1.00;2.00;1;1;0.00;0.00;0;0
1553295586;lo;0.00;0.00;0.00;0;0;0.00;0.00;0.00;0;0;0.00;0.00;0;0
1553295586;total;0.00;0.00;0.00;0;0;0.00;0.00;0.00;0;0;0.00;0.00;0;0
1553295587;lo;0.00;0.00;0.00;0;0;0.00;0.00;0.00;0;0;0.00;0.00;0;0
1553295587;total;0.00;0.00;0.00;0;0;0.00;0.00;0.00;0;0;0.00;0.00;0;0
1553295588;lo;0.00;0.00;0.00;0;0;0.00;0.00;0.00;0;0;0.00;0.00;0;0
1553295588;total;0.00;0.00;0.00;0;0;0.00;0.00;0.00;0;0;0.00;0.00;0;0
1553295589;lo;340.00;340.00;680.00;340;340;4.00;4.00;8.00;4;4;0.00;0.00;0;0
1553295589;total;340.00;340.00;680.00;340;340;4.00;4.00;8.00;4;4;0.00;0.00;0;0
1553295590;lo;176.00;176.00;352.00;176;176;2.00;2.00;4.00;2;2;0.00;0.00;0;0
1553295590;total;176.00;176.00;352.00;176;176;2.00;2.00;4.00;2;2;0.00;0.00;0;0
1553295591;lo;0.00;0.00;0.00;0;0;0.00;0.00;0.00;0;0;0.00;0.00;0;0
1553295591;total;0.00;0.00;0.00;0;0;0.00;0.00;0.00;0;0;0.00;0.00;0;0
1553295592;lo;0.00;0.00;0.00;0;0;0.00;0.00;0.00;0;0;0.00;0.00;0;0
1553295592;total;0.00;0.00;0.00;0;0;0.00;0.00;0.00;0;0;0.00;0.00;0;0
1553295593;lo;264.00;264.00;528.00;264;264;3.00;3.00;6.00;3;3;0.00;0.00;0;0
1553295593;total;264.00;264.00;528.00;264;264;3.00;3.00;6.00;3;3;0.00;0.00;0;0
1553295594;lo;0.00;0.00;0.00;0;0;0.00;0.00;0.00;0;0;0.00;0.00;0;0
1553295594;total;0.00;0.00;0.00;0;0;0.00;0.00;0.00;0;0;0.00;0.00;0;0
1553295595;lo;0.00;0.00;0.00;0;0;0.00;0.00;0.00;0;0;0.00;0.00;0;0
1553295595;total;0.00;0.00;0.00;0;0;0.00;0.00;0.00;0;0;0.00;0.00;0;0
1553295596;lo;0.00;0.00;0.00;0;0;0.00;0.00;0.00;0;0;0.00;0.00;0;0
1553295596;total;0.00;0.00;0.00;0;0;0.00;0.00;0.00;0;0;0.00;0.00;0;0
1553295597;lo;176.00;176.00;352.00;176;176;2.00;2.00;4.00;2;2;0.00;0.00;0;0
1553295597;total;176.00;176.00;352.00;176;176;2.00;2.00;4.00;2;2;0.00;0.00;0;0
1553295598;lo;0.00;0.00;0.00;0;0;0.00;0.00;0.00;0;0;0.00;0.00;0;0
1553295598;
